admin_division_version,province_code,province_name,target_region_code,target_region_name,target_level,is_required,source_note
mca_geoname_2026_snapshot,110000,北京市,110000,北京市,municipality,1,直辖市按市级目标处理
mca_geoname_2026_snapshot,120000,天津市,120000,天津市,municipality,1,直辖市按市级目标处理
mca_geoname_2026_snapshot,130000,河北省,130100,石家庄市,prefecture,1,省下辖地级行政单元
mca_geoname_2026_snapshot,130000,河北省,130200,唐山市,prefecture,1,省下辖地级行政单元
mca_geoname_2026_snapshot,130000,河北省,130300,秦皇岛市,prefecture,1,省下辖地级行政单元
mca_geoname_2026_snapshot,130000,河北省,130400,邯郸市,prefecture,1,省下辖地级行政单元
mca_geoname_2026_snapshot,130000,河北省,130500,邢台市,prefecture,1,省下辖地级行政单元
mca_geoname_2026_snapshot,130000,河北省,130600,保定市,prefecture,1,省下辖地级行政单元
mca_geoname_2026_snapshot,130000,河北省,130700,张家口市,prefecture,1,省下辖地级行政单元
mca_geoname_2026_snapshot,130000,河北省,130800,承德市,prefecture,1,省下辖地级行政单元
mca_geoname_2026_snapshot,130000,河北省,130900,沧州市,prefecture,1,省下辖地级行政单元
mca_geoname_2026_snapshot,130000,河北省,131000,廊坊市,prefecture,1,省下辖地级行政单元
mca_geoname_2026_snapshot,130000,河北省,131100,衡水市,prefecture,1,省下辖地级行政单元
mca_geoname_2026_snapshot,140000,山西省,140100,太原市,prefecture,1,省下辖地级行政单元
mca_geoname_2026_snapshot,140000,山西省,140200,大同市,prefecture,1,省下辖地级行政单元
mca_geoname_2026_snapshot,140000,山西省,140300,阳泉市,prefecture,1,省下辖地级行政单元
mca_geoname_2026_snapshot,140000,山西省,140400,长治市,prefecture,1,省下辖地级行政单元
mca_geoname_2026_snapshot,140000,山西省,140500,晋城市,prefecture,1,省下辖地级行政单元
mca_geoname_2026_snapshot,140000,山西省,140600,朔州市,prefecture,1,省下辖地级行政单元
mca_geoname_2026_snapshot,140000,山西省,140700,晋中市,prefecture,1,省下辖地级行政单元
mca_geoname_2026_snapshot,140000,山西省,140800,运城市,prefecture,1,省下辖地级行政单元
mca_geoname_2026_snapshot,140000,山西省,140900,忻州市,prefecture,1,省下辖地级行政单元
mca_geoname_2026_snapshot,140000,山西省,141000,临汾市,prefecture,1,省下辖地级行政单元
mca_geoname_2026_snapshot,140000,山西省,141100,吕梁市,prefecture,1,省下辖地级行政单元
mca_geoname_2026_snapshot,150000,内蒙古自治区,150100,呼和浩特市,prefecture,1,省下辖地级行政单元
mca_geoname_2026_snapshot,150000,内蒙古自治区,150200,包头市,prefecture,1,省下辖地级行政单元
mca_geoname_2026_snapshot,150000,内蒙古自治区,150300,乌海市,prefecture,1,省下辖地级行政单元
mca_geoname_2026_snapshot,150000,内蒙古自治区,150400,赤峰市,prefecture,1,省下辖地级行政单元
mca_geoname_2026_snapshot,150000,内蒙古自治区,150500,通辽市,prefecture,1,省下辖地级行政单元
mca_geoname_2026_snapshot,150000,内蒙古自治区,150600,鄂尔多斯市,prefecture,1,省下辖地级行政单元
mca_geoname_2026_snapshot,150000,内蒙古自治区,150700,呼伦贝尔市,prefecture,1,省下辖地级行政单元
mca_geoname_2026_snapshot,150000,内蒙古自治区,150800,巴彦淖尔市,prefecture,1,省下辖地级行政单元
mca_geoname_2026_snapshot,150000,内蒙古自治区,150900,乌兰察布市,prefecture,1,省下辖地级行政单元
mca_geoname_2026_snapshot,150000,内蒙古自治区,152200,兴安盟,prefecture,1,省下辖地级行政单元
mca_geoname_2026_snapshot,150000,内蒙古自治区,152500,锡林郭勒盟,prefecture,1,省下辖地级行政单元
mca_geoname_2026_snapshot,150000,内蒙古自治区,152900,阿拉善盟,prefecture,1,省下辖地级行政单元
mca_geoname_2026_snapshot,210000,辽宁省,210100,沈阳市,prefecture,1,省下辖地级行政单元
mca_geoname_2026_snapshot,210000,辽宁省,210200,大连市,prefecture,1,省下辖地级行政单元
mca_geoname_2026_snapshot,210000,辽宁省,210300,鞍山市,prefecture,1,省下辖地级行政单元
mca_geoname_2026_snapshot,210000,辽宁省,210400,抚顺市,prefecture,1,省下辖地级行政单元
mca_geoname_2026_snapshot,210000,辽宁省,210500,本溪市,prefecture,1,省下辖地级行政单元
mca_geoname_2026_snapshot,210000,辽宁省,210600,丹东市,prefecture,1,省下辖地级行政单元
mca_geoname_2026_snapshot,210000,辽宁省,210700,锦州市,prefecture,1,省下辖地级行政单元
mca_geoname_2026_snapshot,210000,辽宁省,210800,营口市,prefecture,1,省下辖地级行政单元
mca_geoname_2026_snapshot,210000,辽宁省,210900,阜新市,prefecture,1,省下辖地级行政单元
mca_geoname_2026_snapshot,210000,辽宁省,211000,辽阳市,prefecture,1,省下辖地级行政单元
mca_geoname_2026_snapshot,210000,辽宁省,211100,盘锦市,prefecture,1,省下辖地级行政单元
mca_geoname_2026_snapshot,210000,辽宁省,211200,铁岭市,prefecture,1,省下辖地级行政单元
mca_geoname_2026_snapshot,210000,辽宁省,211300,朝阳市,prefecture,1,省下辖地级行政单元
mca_geoname_2026_snapshot,210000,辽宁省,211400,葫芦岛市,prefecture,1,省下辖地级行政单元
mca_geoname_2026_snapshot,220000,吉林省,220100,长春市,prefecture,1,省下辖地级行政单元
mca_geoname_2026_snapshot,220000,吉林省,220200,吉林市,prefecture,1,省下辖地级行政单元
mca_geoname_2026_snapshot,220000,吉林省,220300,四平市,prefecture,1,省下辖地级行政单元
mca_geoname_2026_snapshot,220000,吉林省,220400,辽源市,prefecture,1,省下辖地级行政单元
mca_geoname_2026_snapshot,220000,吉林省,220500,通化市,prefecture,1,省下辖地级行政单元
mca_geoname_2026_snapshot,220000,吉林省,220600,白山市,prefecture,1,省下辖地级行政单元
mca_geoname_2026_snapshot,220000,吉林省,220700,松原市,prefecture,1,省下辖地级行政单元
mca_geoname_2026_snapshot,220000,吉林省,220800,白城市,prefecture,1,省下辖地级行政单元
mca_geoname_2026_snapshot,220000,吉林省,222400,延边朝鲜族自治州,prefecture,1,省下辖地级行政单元
mca_geoname_2026_snapshot,230000,黑龙江省,230100,哈尔滨市,prefecture,1,省下辖地级行政单元
mca_geoname_2026_snapshot,230000,黑龙江省,230200,齐齐哈尔市,prefecture,1,省下辖地级行政单元
mca_geoname_2026_snapshot,230000,黑龙江省,230300,鸡西市,prefecture,1,省下辖地级行政单元
mca_geoname_2026_snapshot,230000,黑龙江省,230400,鹤岗市,prefecture,1,省下辖地级行政单元
mca_geoname_2026_snapshot,230000,黑龙江省,230500,双鸭山市,prefecture,1,省下辖地级行政单元
mca_geoname_2026_snapshot,230000,黑龙江省,230600,大庆市,prefecture,1,省下辖地级行政单元
mca_geoname_2026_snapshot,230000,黑龙江省,230700,伊春市,prefecture,1,省下辖地级行政单元
mca_geoname_2026_snapshot,230000,黑龙江省,230800,佳木斯市,prefecture,1,省下辖地级行政单元
mca_geoname_2026_snapshot,230000,黑龙江省,230900,七台河市,prefecture,1,省下辖地级行政单元
mca_geoname_2026_snapshot,230000,黑龙江省,231000,牡丹江市,prefecture,1,省下辖地级行政单元
mca_geoname_2026_snapshot,230000,黑龙江省,231100,黑河市,prefecture,1,省下辖地级行政单元
mca_geoname_2026_snapshot,230000,黑龙江省,231200,绥化市,prefecture,1,省下辖地级行政单元
mca_geoname_2026_snapshot,230000,黑龙江省,232700,大兴安岭地区,prefecture,1,省下辖地级行政单元
mca_geoname_2026_snapshot,310000,上海市,310000,上海市,municipality,1,直辖市按市级目标处理
mca_geoname_2026_snapshot,320000,江苏省,320100,南京市,prefecture,1,省下辖地级行政单元
mca_geoname_2026_snapshot,320000,江苏省,320200,无锡市,prefecture,1,省下辖地级行政单元
mca_geoname_2026_snapshot,320000,江苏省,320300,徐州市,prefecture,1,省下辖地级行政单元
mca_geoname_2026_snapshot,320000,江苏省,320400,常州市,prefecture,1,省下辖地级行政单元
mca_geoname_2026_snapshot,320000,江苏省,320500,苏州市,prefecture,1,省下辖地级行政单元
mca_geoname_2026_snapshot,320000,江苏省,320600,南通市,prefecture,1,省下辖地级行政单元
mca_geoname_2026_snapshot,320000,江苏省,320700,连云港市,prefecture,1,省下辖地级行政单元
mca_geoname_2026_snapshot,320000,江苏省,320800,淮安市,prefecture,1,省下辖地级行政单元
mca_geoname_2026_snapshot,320000,江苏省,320900,盐城市,prefecture,1,省下辖地级行政单元
mca_geoname_2026_snapshot,320000,江苏省,321000,扬州市,prefecture,1,省下辖地级行政单元
mca_geoname_2026_snapshot,320000,江苏省,321100,镇江市,prefecture,1,省下辖地级行政单元
mca_geoname_2026_snapshot,320000,江苏省,321200,泰州市,prefecture,1,省下辖地级行政单元
mca_geoname_2026_snapshot,320000,江苏省,321300,宿迁市,prefecture,1,省下辖地级行政单元
mca_geoname_2026_snapshot,330000,浙江省,330100,杭州市,prefecture,1,省下辖地级行政单元
mca_geoname_2026_snapshot,330000,浙江省,330200,宁波市,prefecture,1,省下辖地级行政单元
mca_geoname_2026_snapshot,330000,浙江省,330300,温州市,prefecture,1,省下辖地级行政单元
mca_geoname_2026_snapshot,330000,浙江省,330400,嘉兴市,prefecture,1,省下辖地级行政单元
mca_geoname_2026_snapshot,330000,浙江省,330500,湖州市,prefecture,1,省下辖地级行政单元
mca_geoname_2026_snapshot,330000,浙江省,330600,绍兴市,prefecture,1,省下辖地级行政单元
mca_geoname_2026_snapshot,330000,浙江省,330700,金华市,prefecture,1,省下辖地级行政单元
mca_geoname_2026_snapshot,330000,浙江省,330800,衢州市,prefecture,1,省下辖地级行政单元
mca_geoname_2026_snapshot,330000,浙江省,330900,舟山市,prefecture,1,省下辖地级行政单元
mca_geoname_2026_snapshot,330000,浙江省,331000,台州市,prefecture,1,省下辖地级行政单元
mca_geoname_2026_snapshot,330000,浙江省,331100,丽水市,prefecture,1,省下辖地级行政单元
mca_geoname_2026_snapshot,340000,安徽省,340100,合肥市,prefecture,1,省下辖地级行政单元
mca_geoname_2026_snapshot,340000,安徽省,340200,芜湖市,prefecture,1,省下辖地级行政单元
mca_geoname_2026_snapshot,340000,安徽省,340300,蚌埠市,prefecture,1,省下辖地级行政单元
mca_geoname_2026_snapshot,340000,安徽省,340400,淮南市,prefecture,1,省下辖地级行政单元
mca_geoname_2026_snapshot,340000,安徽省,340500,马鞍山市,prefecture,1,省下辖地级行政单元
mca_geoname_2026_snapshot,340000,安徽省,340600,淮北市,prefecture,1,省下辖地级行政单元
mca_geoname_2026_snapshot,340000,安徽省,340700,铜陵市,prefecture,1,省下辖地级行政单元
mca_geoname_2026_snapshot,340000,安徽省,340800,安庆市,prefecture,1,省下辖地级行政单元
mca_geoname_2026_snapshot,340000,安徽省,341000,黄山市,prefecture,1,省下辖地级行政单元
mca_geoname_2026_snapshot,340000,安徽省,341100,滁州市,prefecture,1,省下辖地级行政单元
mca_geoname_2026_snapshot,340000,安徽省,341200,阜阳市,prefecture,1,省下辖地级行政单元
mca_geoname_2026_snapshot,340000,安徽省,341300,宿州市,prefecture,1,省下辖地级行政单元
mca_geoname_2026_snapshot,340000,安徽省,341500,六安市,prefecture,1,省下辖地级行政单元
mca_geoname_2026_snapshot,340000,安徽省,341600,亳州市,prefecture,1,省下辖地级行政单元
mca_geoname_2026_snapshot,340000,安徽省,341700,池州市,prefecture,1,省下辖地级行政单元
mca_geoname_2026_snapshot,340000,安徽省,341800,宣城市,prefecture,1,省下辖地级行政单元
mca_geoname_2026_snapshot,350000,福建省,350100,福州市,prefecture,1,省下辖地级行政单元
mca_geoname_2026_snapshot,350000,福建省,350200,厦门市,prefecture,1,省下辖地级行政单元
mca_geoname_2026_snapshot,350000,福建省,350300,莆田市,prefecture,1,省下辖地级行政单元
mca_geoname_2026_snapshot,350000,福建省,350400,三明市,prefecture,1,省下辖地级行政单元
mca_geoname_2026_snapshot,350000,福建省,350500,泉州市,prefecture,1,省下辖地级行政单元
mca_geoname_2026_snapshot,350000,福建省,350600,漳州市,prefecture,1,省下辖地级行政单元
mca_geoname_2026_snapshot,350000,福建省,350700,南平市,prefecture,1,省下辖地级行政单元
mca_geoname_2026_snapshot,350000,福建省,350800,龙岩市,prefecture,1,省下辖地级行政单元
mca_geoname_2026_snapshot,350000,福建省,350900,宁德市,prefecture,1,省下辖地级行政单元
mca_geoname_2026_snapshot,360000,江西省,360100,南昌市,prefecture,1,省下辖地级行政单元
mca_geoname_2026_snapshot,360000,江西省,360200,景德镇市,prefecture,1,省下辖地级行政单元
mca_geoname_2026_snapshot,360000,江西省,360300,萍乡市,prefecture,1,省下辖地级行政单元
mca_geoname_2026_snapshot,360000,江西省,360400,九江市,prefecture,1,省下辖地级行政单元
mca_geoname_2026_snapshot,360000,江西省,360500,新余市,prefecture,1,省下辖地级行政单元
mca_geoname_2026_snapshot,360000,江西省,360600,鹰潭市,prefecture,1,省下辖地级行政单元
mca_geoname_2026_snapshot,360000,江西省,360700,赣州市,prefecture,1,省下辖地级行政单元
mca_geoname_2026_snapshot,360000,江西省,360800,吉安市,prefecture,1,省下辖地级行政单元
mca_geoname_2026_snapshot,360000,江西省,360900,宜春市,prefecture,1,省下辖地级行政单元
mca_geoname_2026_snapshot,360000,江西省,361000,抚州市,prefecture,1,省下辖地级行政单元
mca_geoname_2026_snapshot,360000,江西省,361100,上饶市,prefecture,1,省下辖地级行政单元
mca_geoname_2026_snapshot,370000,山东省,370100,济南市,prefecture,1,省下辖地级行政单元
mca_geoname_2026_snapshot,370000,山东省,370200,青岛市,prefecture,1,省下辖地级行政单元
mca_geoname_2026_snapshot,370000,山东省,370300,淄博市,prefecture,1,省下辖地级行政单元
mca_geoname_2026_snapshot,370000,山东省,370400,枣庄市,prefecture,1,省下辖地级行政单元
mca_geoname_2026_snapshot,370000,山东省,370500,东营市,prefecture,1,省下辖地级行政单元
mca_geoname_2026_snapshot,370000,山东省,370600,烟台市,prefecture,1,省下辖地级行政单元
mca_geoname_2026_snapshot,370000,山东省,370700,潍坊市,prefecture,1,省下辖地级行政单元
mca_geoname_2026_snapshot,370000,山东省,370800,济宁市,prefecture,1,省下辖地级行政单元
mca_geoname_2026_snapshot,370000,山东省,370900,泰安市,prefecture,1,省下辖地级行政单元
mca_geoname_2026_snapshot,370000,山东省,371000,威海市,prefecture,1,省下辖地级行政单元
mca_geoname_2026_snapshot,370000,山东省,371100,日照市,prefecture,1,省下辖地级行政单元
mca_geoname_2026_snapshot,370000,山东省,371300,临沂市,prefecture,1,省下辖地级行政单元
mca_geoname_2026_snapshot,370000,山东省,371400,德州市,prefecture,1,省下辖地级行政单元
mca_geoname_2026_snapshot,370000,山东省,371500,聊城市,prefecture,1,省下辖地级行政单元
mca_geoname_2026_snapshot,370000,山东省,371600,滨州市,prefecture,1,省下辖地级行政单元
mca_geoname_2026_snapshot,370000,山东省,371700,菏泽市,prefecture,1,省下辖地级行政单元
mca_geoname_2026_snapshot,410000,河南省,410100,郑州市,prefecture,1,省下辖地级行政单元
mca_geoname_2026_snapshot,410000,河南省,410200,开封市,prefecture,1,省下辖地级行政单元
mca_geoname_2026_snapshot,410000,河南省,410300,洛阳市,prefecture,1,省下辖地级行政单元
mca_geoname_2026_snapshot,410000,河南省,410400,平顶山市,prefecture,1,省下辖地级行政单元
mca_geoname_2026_snapshot,410000,河南省,410500,安阳市,prefecture,1,省下辖地级行政单元
mca_geoname_2026_snapshot,410000,河南省,410600,鹤壁市,prefecture,1,省下辖地级行政单元
mca_geoname_2026_snapshot,410000,河南省,410700,新乡市,prefecture,1,省下辖地级行政单元
mca_geoname_2026_snapshot,410000,河南省,410800,焦作市,prefecture,1,省下辖地级行政单元
mca_geoname_2026_snapshot,410000,河南省,410900,濮阳市,prefecture,1,省下辖地级行政单元
mca_geoname_2026_snapshot,410000,河南省,411000,许昌市,prefecture,1,省下辖地级行政单元
mca_geoname_2026_snapshot,410000,河南省,411100,漯河市,prefecture,1,省下辖地级行政单元
mca_geoname_2026_snapshot,410000,河南省,411200,三门峡市,prefecture,1,省下辖地级行政单元
mca_geoname_2026_snapshot,410000,河南省,411300,南阳市,prefecture,1,省下辖地级行政单元
mca_geoname_2026_snapshot,410000,河南省,411400,商丘市,prefecture,1,省下辖地级行政单元
mca_geoname_2026_snapshot,410000,河南省,411500,信阳市,prefecture,1,省下辖地级行政单元
mca_geoname_2026_snapshot,410000,河南省,411600,周口市,prefecture,1,省下辖地级行政单元
mca_geoname_2026_snapshot,410000,河南省,411700,驻马店市,prefecture,1,省下辖地级行政单元
mca_geoname_2026_snapshot,420000,湖北省,420100,武汉市,prefecture,1,省下辖地级行政单元
mca_geoname_2026_snapshot,420000,湖北省,420200,黄石市,prefecture,1,省下辖地级行政单元
mca_geoname_2026_snapshot,420000,湖北省,420300,十堰市,prefecture,1,省下辖地级行政单元
mca_geoname_2026_snapshot,420000,湖北省,420500,宜昌市,prefecture,1,省下辖地级行政单元
mca_geoname_2026_snapshot,420000,湖北省,420600,襄阳市,prefecture,1,省下辖地级行政单元
mca_geoname_2026_snapshot,420000,湖北省,420700,鄂州市,prefecture,1,省下辖地级行政单元
mca_geoname_2026_snapshot,420000,湖北省,420800,荆门市,prefecture,1,省下辖地级行政单元
mca_geoname_2026_snapshot,420000,湖北省,420900,孝感市,prefecture,1,省下辖地级行政单元
mca_geoname_2026_snapshot,420000,湖北省,421000,荆州市,prefecture,1,省下辖地级行政单元
mca_geoname_2026_snapshot,420000,湖北省,421100,黄冈市,prefecture,1,省下辖地级行政单元
mca_geoname_2026_snapshot,420000,湖北省,421200,咸宁市,prefecture,1,省下辖地级行政单元
mca_geoname_2026_snapshot,420000,湖北省,421300,随州市,prefecture,1,省下辖地级行政单元
mca_geoname_2026_snapshot,420000,湖北省,422800,恩施土家族苗族自治州,prefecture,1,省下辖地级行政单元
mca_geoname_2026_snapshot,430000,湖南省,430100,长沙市,prefecture,1,省下辖地级行政单元
mca_geoname_2026_snapshot,430000,湖南省,430200,株洲市,prefecture,1,省下辖地级行政单元
mca_geoname_2026_snapshot,430000,湖南省,430300,湘潭市,prefecture,1,省下辖地级行政单元
mca_geoname_2026_snapshot,430000,湖南省,430400,衡阳市,prefecture,1,省下辖地级行政单元
mca_geoname_2026_snapshot,430000,湖南省,430500,邵阳市,prefecture,1,省下辖地级行政单元
mca_geoname_2026_snapshot,430000,湖南省,430600,岳阳市,prefecture,1,省下辖地级行政单元
mca_geoname_2026_snapshot,430000,湖南省,430700,常德市,prefecture,1,省下辖地级行政单元
mca_geoname_2026_snapshot,430000,湖南省,430800,张家界市,prefecture,1,省下辖地级行政单元
mca_geoname_2026_snapshot,430000,湖南省,430900,益阳市,prefecture,1,省下辖地级行政单元
mca_geoname_2026_snapshot,430000,湖南省,431000,郴州市,prefecture,1,省下辖地级行政单元
mca_geoname_2026_snapshot,430000,湖南省,431100,永州市,prefecture,1,省下辖地级行政单元
mca_geoname_2026_snapshot,430000,湖南省,431200,怀化市,prefecture,1,省下辖地级行政单元
mca_geoname_2026_snapshot,430000,湖南省,431300,娄底市,prefecture,1,省下辖地级行政单元
mca_geoname_2026_snapshot,430000,湖南省,433100,湘西土家族苗族自治州,prefecture,1,省下辖地级行政单元
mca_geoname_2026_snapshot,440000,广东省,440100,广州市,prefecture,1,省下辖地级行政单元
mca_geoname_2026_snapshot,440000,广东省,440200,韶关市,prefecture,1,省下辖地级行政单元
mca_geoname_2026_snapshot,440000,广东省,440300,深圳市,prefecture,1,省下辖地级行政单元
mca_geoname_2026_snapshot,440000,广东省,440400,珠海市,prefecture,1,省下辖地级行政单元
mca_geoname_2026_snapshot,440000,广东省,440500,汕头市,prefecture,1,省下辖地级行政单元
mca_geoname_2026_snapshot,440000,广东省,440600,佛山市,prefecture,1,省下辖地级行政单元
mca_geoname_2026_snapshot,440000,广东省,440700,江门市,prefecture,1,省下辖地级行政单元
mca_geoname_2026_snapshot,440000,广东省,440800,湛江市,prefecture,1,省下辖地级行政单元
mca_geoname_2026_snapshot,440000,广东省,440900,茂名市,prefecture,1,省下辖地级行政单元
mca_geoname_2026_snapshot,440000,广东省,441200,肇庆市,prefecture,1,省下辖地级行政单元
mca_geoname_2026_snapshot,440000,广东省,441300,惠州市,prefecture,1,省下辖地级行政单元
mca_geoname_2026_snapshot,440000,广东省,441400,梅州市,prefecture,1,省下辖地级行政单元
mca_geoname_2026_snapshot,440000,广东省,441500,汕尾市,prefecture,1,省下辖地级行政单元
mca_geoname_2026_snapshot,440000,广东省,441600,河源市,prefecture,1,省下辖地级行政单元
mca_geoname_2026_snapshot,440000,广东省,441700,阳江市,prefecture,1,省下辖地级行政单元
mca_geoname_2026_snapshot,440000,广东省,441800,清远市,prefecture,1,省下辖地级行政单元
mca_geoname_2026_snapshot,440000,广东省,441900,东莞市,prefecture,1,省下辖地级行政单元
mca_geoname_2026_snapshot,440000,广东省,442000,中山市,prefecture,1,省下辖地级行政单元
mca_geoname_2026_snapshot,440000,广东省,445100,潮州市,prefecture,1,省下辖地级行政单元
mca_geoname_2026_snapshot,440000,广东省,445200,揭阳市,prefecture,1,省下辖地级行政单元
mca_geoname_2026_snapshot,440000,广东省,445300,云浮市,prefecture,1,省下辖地级行政单元
mca_geoname_2026_snapshot,450000,广西壮族自治区,450100,南宁市,prefecture,1,省下辖地级行政单元
mca_geoname_2026_snapshot,450000,广西壮族自治区,450200,柳州市,prefecture,1,省下辖地级行政单元
mca_geoname_2026_snapshot,450000,广西壮族自治区,450300,桂林市,prefecture,1,省下辖地级行政单元
mca_geoname_2026_snapshot,450000,广西壮族自治区,450400,梧州市,prefecture,1,省下辖地级行政单元
mca_geoname_2026_snapshot,450000,广西壮族自治区,450500,北海市,prefecture,1,省下辖地级行政单元
mca_geoname_2026_snapshot,450000,广西壮族自治区,450600,防城港市,prefecture,1,省下辖地级行政单元
mca_geoname_2026_snapshot,450000,广西壮族自治区,450700,钦州市,prefecture,1,省下辖地级行政单元
mca_geoname_2026_snapshot,450000,广西壮族自治区,450800,贵港市,prefecture,1,省下辖地级行政单元
mca_geoname_2026_snapshot,450000,广西壮族自治区,450900,玉林市,prefecture,1,省下辖地级行政单元
mca_geoname_2026_snapshot,450000,广西壮族自治区,451000,百色市,prefecture,1,省下辖地级行政单元
mca_geoname_2026_snapshot,450000,广西壮族自治区,451100,贺州市,prefecture,1,省下辖地级行政单元
mca_geoname_2026_snapshot,450000,广西壮族自治区,451200,河池市,prefecture,1,省下辖地级行政单元
mca_geoname_2026_snapshot,450000,广西壮族自治区,451300,来宾市,prefecture,1,省下辖地级行政单元
mca_geoname_2026_snapshot,450000,广西壮族自治区,451400,崇左市,prefecture,1,省下辖地级行政单元
mca_geoname_2026_snapshot,460000,海南省,460100,海口市,prefecture,1,省下辖地级行政单元
mca_geoname_2026_snapshot,460000,海南省,460200,三亚市,prefecture,1,省下辖地级行政单元
mca_geoname_2026_snapshot,460000,海南省,460300,三沙市,prefecture,1,省下辖地级行政单元
mca_geoname_2026_snapshot,460000,海南省,460400,儋州市,prefecture,1,省下辖地级行政单元
mca_geoname_2026_snapshot,500000,重庆市,500000,重庆市,municipality,1,直辖市按市级目标处理
mca_geoname_2026_snapshot,510000,四川省,510100,成都市,prefecture,1,省下辖地级行政单元
mca_geoname_2026_snapshot,510000,四川省,510300,自贡市,prefecture,1,省下辖地级行政单元
mca_geoname_2026_snapshot,510000,四川省,510400,攀枝花市,prefecture,1,省下辖地级行政单元
mca_geoname_2026_snapshot,510000,四川省,510500,泸州市,prefecture,1,省下辖地级行政单元
mca_geoname_2026_snapshot,510000,四川省,510600,德阳市,prefecture,1,省下辖地级行政单元
mca_geoname_2026_snapshot,510000,四川省,510700,绵阳市,prefecture,1,省下辖地级行政单元
mca_geoname_2026_snapshot,510000,四川省,510800,广元市,prefecture,1,省下辖地级行政单元
mca_geoname_2026_snapshot,510000,四川省,510900,遂宁市,prefecture,1,省下辖地级行政单元
mca_geoname_2026_snapshot,510000,四川省,511000,内江市,prefecture,1,省下辖地级行政单元
mca_geoname_2026_snapshot,510000,四川省,511100,乐山市,prefecture,1,省下辖地级行政单元
mca_geoname_2026_snapshot,510000,四川省,511300,南充市,prefecture,1,省下辖地级行政单元
mca_geoname_2026_snapshot,510000,四川省,511400,眉山市,prefecture,1,省下辖地级行政单元
mca_geoname_2026_snapshot,510000,四川省,511500,宜宾市,prefecture,1,省下辖地级行政单元
mca_geoname_2026_snapshot,510000,四川省,511600,广安市,prefecture,1,省下辖地级行政单元
mca_geoname_2026_snapshot,510000,四川省,511700,达州市,prefecture,1,省下辖地级行政单元
mca_geoname_2026_snapshot,510000,四川省,511800,雅安市,prefecture,1,省下辖地级行政单元
mca_geoname_2026_snapshot,510000,四川省,511900,巴中市,prefecture,1,省下辖地级行政单元
mca_geoname_2026_snapshot,510000,四川省,512000,资阳市,prefecture,1,省下辖地级行政单元
mca_geoname_2026_snapshot,510000,四川省,513200,阿坝藏族羌族自治州,prefecture,1,省下辖地级行政单元
mca_geoname_2026_snapshot,510000,四川省,513300,甘孜藏族自治州,prefecture,1,省下辖地级行政单元
mca_geoname_2026_snapshot,510000,四川省,513400,凉山彝族自治州,prefecture,1,省下辖地级行政单元
mca_geoname_2026_snapshot,520000,贵州省,520100,贵阳市,prefecture,1,省下辖地级行政单元
mca_geoname_2026_snapshot,520000,贵州省,520200,六盘水市,prefecture,1,省下辖地级行政单元
mca_geoname_2026_snapshot,520000,贵州省,520300,遵义市,prefecture,1,省下辖地级行政单元
mca_geoname_2026_snapshot,520000,贵州省,520400,安顺市,prefecture,1,省下辖地级行政单元
mca_geoname_2026_snapshot,520000,贵州省,520500,毕节市,prefecture,1,省下辖地级行政单元
mca_geoname_2026_snapshot,520000,贵州省,520600,铜仁市,prefecture,1,省下辖地级行政单元
mca_geoname_2026_snapshot,520000,贵州省,522300,黔西南布依族苗族自治州,prefecture,1,省下辖地级行政单元
mca_geoname_2026_snapshot,520000,贵州省,522600,黔东南苗族侗族自治州,prefecture,1,省下辖地级行政单元
mca_geoname_2026_snapshot,520000,贵州省,522700,黔南布依族苗族自治州,prefecture,1,省下辖地级行政单元
mca_geoname_2026_snapshot,530000,云南省,530100,昆明市,prefecture,1,省下辖地级行政单元
mca_geoname_2026_snapshot,530000,云南省,530300,曲靖市,prefecture,1,省下辖地级行政单元
mca_geoname_2026_snapshot,530000,云南省,530400,玉溪市,prefecture,1,省下辖地级行政单元
mca_geoname_2026_snapshot,530000,云南省,530500,保山市,prefecture,1,省下辖地级行政单元
mca_geoname_2026_snapshot,530000,云南省,530600,昭通市,prefecture,1,省下辖地级行政单元
mca_geoname_2026_snapshot,530000,云南省,530700,丽江市,prefecture,1,省下辖地级行政单元
mca_geoname_2026_snapshot,530000,云南省,530800,普洱市,prefecture,1,省下辖地级行政单元
mca_geoname_2026_snapshot,530000,云南省,530900,临沧市,prefecture,1,省下辖地级行政单元
mca_geoname_2026_snapshot,530000,云南省,532300,楚雄彝族自治州,prefecture,1,省下辖地级行政单元
mca_geoname_2026_snapshot,530000,云南省,532500,红河哈尼族彝族自治州,prefecture,1,省下辖地级行政单元
mca_geoname_2026_snapshot,530000,云南省,532600,文山壮族苗族自治州,prefecture,1,省下辖地级行政单元
mca_geoname_2026_snapshot,530000,云南省,532800,西双版纳傣族自治州,prefecture,1,省下辖地级行政单元
mca_geoname_2026_snapshot,530000,云南省,532900,大理白族自治州,prefecture,1,省下辖地级行政单元
mca_geoname_2026_snapshot,530000,云南省,533100,德宏傣族景颇族自治州,prefecture,1,省下辖地级行政单元
mca_geoname_2026_snapshot,530000,云南省,533300,怒江傈僳族自治州,prefecture,1,省下辖地级行政单元
mca_geoname_2026_snapshot,530000,云南省,533400,迪庆藏族自治州,prefecture,1,省下辖地级行政单元
mca_geoname_2026_snapshot,540000,西藏自治区,540100,拉萨市,prefecture,1,省下辖地级行政单元
mca_geoname_2026_snapshot,540000,西藏自治区,540200,日喀则市,prefecture,1,省下辖地级行政单元
mca_geoname_2026_snapshot,540000,西藏自治区,540300,昌都市,prefecture,1,省下辖地级行政单元
mca_geoname_2026_snapshot,540000,西藏自治区,540400,林芝市,prefecture,1,省下辖地级行政单元
mca_geoname_2026_snapshot,540000,西藏自治区,540500,山南市,prefecture,1,省下辖地级行政单元
mca_geoname_2026_snapshot,540000,西藏自治区,540600,那曲市,prefecture,1,省下辖地级行政单元
mca_geoname_2026_snapshot,540000,西藏自治区,542500,阿里地区,prefecture,1,省下辖地级行政单元
mca_geoname_2026_snapshot,610000,陕西省,610100,西安市,prefecture,1,省下辖地级行政单元
mca_geoname_2026_snapshot,610000,陕西省,610200,铜川市,prefecture,1,省下辖地级行政单元
mca_geoname_2026_snapshot,610000,陕西省,610300,宝鸡市,prefecture,1,省下辖地级行政单元
mca_geoname_2026_snapshot,610000,陕西省,610400,咸阳市,prefecture,1,省下辖地级行政单元
mca_geoname_2026_snapshot,610000,陕西省,610500,渭南市,prefecture,1,省下辖地级行政单元
mca_geoname_2026_snapshot,610000,陕西省,610600,延安市,prefecture,1,省下辖地级行政单元
mca_geoname_2026_snapshot,610000,陕西省,610700,汉中市,prefecture,1,省下辖地级行政单元
mca_geoname_2026_snapshot,610000,陕西省,610800,榆林市,prefecture,1,省下辖地级行政单元
mca_geoname_2026_snapshot,610000,陕西省,610900,安康市,prefecture,1,省下辖地级行政单元
mca_geoname_2026_snapshot,610000,陕西省,611000,商洛市,prefecture,1,省下辖地级行政单元
mca_geoname_2026_snapshot,620000,甘肃省,620100,兰州市,prefecture,1,省下辖地级行政单元
mca_geoname_2026_snapshot,620000,甘肃省,620200,嘉峪关市,prefecture,1,省下辖地级行政单元
mca_geoname_2026_snapshot,620000,甘肃省,620300,金昌市,prefecture,1,省下辖地级行政单元
mca_geoname_2026_snapshot,620000,甘肃省,620400,白银市,prefecture,1,省下辖地级行政单元
mca_geoname_2026_snapshot,620000,甘肃省,620500,天水市,prefecture,1,省下辖地级行政单元
mca_geoname_2026_snapshot,620000,甘肃省,620600,武威市,prefecture,1,省下辖地级行政单元
mca_geoname_2026_snapshot,620000,甘肃省,620700,张掖市,prefecture,1,省下辖地级行政单元
mca_geoname_2026_snapshot,620000,甘肃省,620800,平凉市,prefecture,1,省下辖地级行政单元
mca_geoname_2026_snapshot,620000,甘肃省,620900,酒泉市,prefecture,1,省下辖地级行政单元
mca_geoname_2026_snapshot,620000,甘肃省,621000,庆阳市,prefecture,1,省下辖地级行政单元
mca_geoname_2026_snapshot,620000,甘肃省,621100,定西市,prefecture,1,省下辖地级行政单元
mca_geoname_2026_snapshot,620000,甘肃省,621200,陇南市,prefecture,1,省下辖地级行政单元
mca_geoname_2026_snapshot,620000,甘肃省,622900,临夏回族自治州,prefecture,1,省下辖地级行政单元
mca_geoname_2026_snapshot,620000,甘肃省,623000,甘南藏族自治州,prefecture,1,省下辖地级行政单元
mca_geoname_2026_snapshot,630000,青海省,630100,西宁市,prefecture,1,省下辖地级行政单元
mca_geoname_2026_snapshot,630000,青海省,630200,海东市,prefecture,1,省下辖地级行政单元
mca_geoname_2026_snapshot,630000,青海省,632200,海北藏族自治州,prefecture,1,省下辖地级行政单元
mca_geoname_2026_snapshot,630000,青海省,632300,黄南藏族自治州,prefecture,1,省下辖地级行政单元
mca_geoname_2026_snapshot,630000,青海省,632500,海南藏族自治州,prefecture,1,省下辖地级行政单元
mca_geoname_2026_snapshot,630000,青海省,632600,果洛藏族自治州,prefecture,1,省下辖地级行政单元
mca_geoname_2026_snapshot,630000,青海省,632700,玉树藏族自治州,prefecture,1,省下辖地级行政单元
mca_geoname_2026_snapshot,630000,青海省,632800,海西蒙古族藏族自治州,prefecture,1,省下辖地级行政单元
mca_geoname_2026_snapshot,640000,宁夏回族自治区,640100,银川市,prefecture,1,省下辖地级行政单元
mca_geoname_2026_snapshot,640000,宁夏回族自治区,640200,石嘴山市,prefecture,1,省下辖地级行政单元
mca_geoname_2026_snapshot,640000,宁夏回族自治区,640300,吴忠市,prefecture,1,省下辖地级行政单元
mca_geoname_2026_snapshot,640000,宁夏回族自治区,640400,固原市,prefecture,1,省下辖地级行政单元
mca_geoname_2026_snapshot,640000,宁夏回族自治区,640500,中卫市,prefecture,1,省下辖地级行政单元
mca_geoname_2026_snapshot,650000,新疆维吾尔自治区,650100,乌鲁木齐市,prefecture,1,省下辖地级行政单元
mca_geoname_2026_snapshot,650000,新疆维吾尔自治区,650200,克拉玛依市,prefecture,1,省下辖地级行政单元
mca_geoname_2026_snapshot,650000,新疆维吾尔自治区,650400,吐鲁番市,prefecture,1,省下辖地级行政单元
mca_geoname_2026_snapshot,650000,新疆维吾尔自治区,650500,哈密市,prefecture,1,省下辖地级行政单元
mca_geoname_2026_snapshot,650000,新疆维吾尔自治区,652300,昌吉回族自治州,prefecture,1,省下辖地级行政单元
mca_geoname_2026_snapshot,650000,新疆维吾尔自治区,652700,博尔塔拉蒙古自治州,prefecture,1,省下辖地级行政单元
mca_geoname_2026_snapshot,650000,新疆维吾尔自治区,652800,巴音郭楞蒙古自治州,prefecture,1,省下辖地级行政单元
mca_geoname_2026_snapshot,650000,新疆维吾尔自治区,652900,阿克苏地区,prefecture,1,省下辖地级行政单元
mca_geoname_2026_snapshot,650000,新疆维吾尔自治区,653000,克孜勒苏柯尔克孜自治州,prefecture,1,省下辖地级行政单元
mca_geoname_2026_snapshot,650000,新疆维吾尔自治区,653100,喀什地区,prefecture,1,省下辖地级行政单元
mca_geoname_2026_snapshot,650000,新疆维吾尔自治区,653200,和田地区,prefecture,1,省下辖地级行政单元
mca_geoname_2026_snapshot,650000,新疆维吾尔自治区,654000,伊犁哈萨克自治州,prefecture,1,省下辖地级行政单元
mca_geoname_2026_snapshot,650000,新疆维吾尔自治区,654200,塔城地区,prefecture,1,省下辖地级行政单元
mca_geoname_2026_snapshot,650000,新疆维吾尔自治区,654300,阿勒泰地区,prefecture,1,省下辖地级行政单元
