admin_division_version,province_code,province_name,target_region_code,target_region_name,target_level,source_status,site_id,source_name,publisher_name,publisher_scope,entry_url,evidence_url,source_attachment_mode,publication_mode,adapter_kind,crawl_pattern,price_kind,period_kind,blocked_reason,manual_path,audit_note,review_status
mca_geoname_2026_snapshot,110000,北京市,110000,北京市,municipality,auto_crawl_ready,cost_info.bj.zjw.main,北京市住房和城乡建设委员会-工程造价信息,北京市住房和城乡建设委员会,municipality,https://zjw.beijing.gov.cn/,https://zjw.beijing.gov.cn/,pdf_only,DIRECT_PDF,beijing_pdf,li,guidance,monthly,,,已接入北京主来源配置,accepted
mca_geoname_2026_snapshot,120000,天津市,120000,天津市,municipality,source_blocked,cost_info.tj.teca.engineering_cost_info.manual,天津工程造价信息,天津市建设工程造价和招投标管理协会,municipality,https://zfcxjs.tj.gov.cn/,https://www.teca.org.cn/notice/show-753.aspx,unknown,MANUAL_ONLY,,manual,guidance,monthly,公开下载入口未发现,017/manual_upload,天津住建委官网可访问但站内未检出信息价/材料价格公开栏目；《天津工程造价信息》存在编印发布线索，公开下载入口未发现，先走人工补录。,accepted
mca_geoname_2026_snapshot,130000,河北省,130100,石家庄市,prefecture,pending_verify,cost_info.hebei.130100.pending,石家庄市信息价来源待核验,待核验,city,,,unknown,UNKNOWN,,,unspecified,monthly,,,全国来源矩阵占位：目标区划已纳入台账，官方信息价入口待核验，不进入自动抓取队列,accepted
mca_geoname_2026_snapshot,130000,河北省,130200,唐山市,prefecture,pending_verify,cost_info.hebei.130200.pending,唐山市信息价来源待核验,待核验,city,,,unknown,UNKNOWN,,,unspecified,monthly,,,全国来源矩阵占位：目标区划已纳入台账，官方信息价入口待核验，不进入自动抓取队列,accepted
mca_geoname_2026_snapshot,130000,河北省,130300,秦皇岛市,prefecture,pending_verify,cost_info.hebei.130300.pending,秦皇岛市信息价来源待核验,待核验,city,,,unknown,UNKNOWN,,,unspecified,monthly,,,全国来源矩阵占位：目标区划已纳入台账，官方信息价入口待核验，不进入自动抓取队列,accepted
mca_geoname_2026_snapshot,130000,河北省,130400,邯郸市,prefecture,pending_verify,cost_info.hebei.130400.pending,邯郸市信息价来源待核验,待核验,city,,,unknown,UNKNOWN,,,unspecified,monthly,,,全国来源矩阵占位：目标区划已纳入台账，官方信息价入口待核验，不进入自动抓取队列,accepted
mca_geoname_2026_snapshot,130000,河北省,130500,邢台市,prefecture,pending_verify,cost_info.hebei.130500.pending,邢台市信息价来源待核验,待核验,city,,,unknown,UNKNOWN,,,unspecified,monthly,,,全国来源矩阵占位：目标区划已纳入台账，官方信息价入口待核验，不进入自动抓取队列,accepted
mca_geoname_2026_snapshot,130000,河北省,130600,保定市,prefecture,pending_verify,cost_info.hebei.130600.pending,保定市信息价来源待核验,待核验,city,,,unknown,UNKNOWN,,,unspecified,monthly,,,全国来源矩阵占位：目标区划已纳入台账，官方信息价入口待核验，不进入自动抓取队列,accepted
mca_geoname_2026_snapshot,130000,河北省,130700,张家口市,prefecture,pending_verify,cost_info.hebei.130700.pending,张家口市信息价来源待核验,待核验,city,,,unknown,UNKNOWN,,,unspecified,monthly,,,全国来源矩阵占位：目标区划已纳入台账，官方信息价入口待核验，不进入自动抓取队列,accepted
mca_geoname_2026_snapshot,130000,河北省,130800,承德市,prefecture,pending_verify,cost_info.hebei.130800.pending,承德市信息价来源待核验,待核验,city,,,unknown,UNKNOWN,,,unspecified,monthly,,,全国来源矩阵占位：目标区划已纳入台账，官方信息价入口待核验，不进入自动抓取队列,accepted
mca_geoname_2026_snapshot,130000,河北省,130900,沧州市,prefecture,pending_verify,cost_info.hebei.130900.pending,沧州市信息价来源待核验,待核验,city,,,unknown,UNKNOWN,,,unspecified,monthly,,,全国来源矩阵占位：目标区划已纳入台账，官方信息价入口待核验，不进入自动抓取队列,accepted
mca_geoname_2026_snapshot,130000,河北省,131000,廊坊市,prefecture,pending_verify,cost_info.hebei.131000.pending,廊坊市信息价来源待核验,待核验,city,,,unknown,UNKNOWN,,,unspecified,monthly,,,全国来源矩阵占位：目标区划已纳入台账，官方信息价入口待核验，不进入自动抓取队列,accepted
mca_geoname_2026_snapshot,130000,河北省,131100,衡水市,prefecture,pending_verify,cost_info.hebei.131100.pending,衡水市信息价来源待核验,待核验,city,,,unknown,UNKNOWN,,,unspecified,monthly,,,全国来源矩阵占位：目标区划已纳入台账，官方信息价入口待核验，不进入自动抓取队列,accepted
mca_geoname_2026_snapshot,140000,山西省,140100,太原市,prefecture,pending_verify,cost_info.shanxi.140100.pending,太原市信息价来源待核验,待核验,city,,,unknown,UNKNOWN,,,unspecified,monthly,,,全国来源矩阵占位：目标区划已纳入台账，官方信息价入口待核验，不进入自动抓取队列,accepted
mca_geoname_2026_snapshot,140000,山西省,140200,大同市,prefecture,pending_verify,cost_info.shanxi.140200.pending,大同市信息价来源待核验,待核验,city,,,unknown,UNKNOWN,,,unspecified,monthly,,,全国来源矩阵占位：目标区划已纳入台账，官方信息价入口待核验，不进入自动抓取队列,accepted
mca_geoname_2026_snapshot,140000,山西省,140300,阳泉市,prefecture,pending_verify,cost_info.shanxi.140300.pending,阳泉市信息价来源待核验,待核验,city,,,unknown,UNKNOWN,,,unspecified,monthly,,,全国来源矩阵占位：目标区划已纳入台账，官方信息价入口待核验，不进入自动抓取队列,accepted
mca_geoname_2026_snapshot,140000,山西省,140400,长治市,prefecture,pending_verify,cost_info.shanxi.140400.pending,长治市信息价来源待核验,待核验,city,,,unknown,UNKNOWN,,,unspecified,monthly,,,全国来源矩阵占位：目标区划已纳入台账，官方信息价入口待核验，不进入自动抓取队列,accepted
mca_geoname_2026_snapshot,140000,山西省,140500,晋城市,prefecture,pending_verify,cost_info.shanxi.140500.pending,晋城市信息价来源待核验,待核验,city,,,unknown,UNKNOWN,,,unspecified,monthly,,,全国来源矩阵占位：目标区划已纳入台账，官方信息价入口待核验，不进入自动抓取队列,accepted
mca_geoname_2026_snapshot,140000,山西省,140600,朔州市,prefecture,pending_verify,cost_info.shanxi.140600.pending,朔州市信息价来源待核验,待核验,city,,,unknown,UNKNOWN,,,unspecified,monthly,,,全国来源矩阵占位：目标区划已纳入台账，官方信息价入口待核验，不进入自动抓取队列,accepted
mca_geoname_2026_snapshot,140000,山西省,140700,晋中市,prefecture,pending_verify,cost_info.shanxi.140700.pending,晋中市信息价来源待核验,待核验,city,,,unknown,UNKNOWN,,,unspecified,monthly,,,全国来源矩阵占位：目标区划已纳入台账，官方信息价入口待核验，不进入自动抓取队列,accepted
mca_geoname_2026_snapshot,140000,山西省,140800,运城市,prefecture,pending_verify,cost_info.shanxi.140800.pending,运城市信息价来源待核验,待核验,city,,,unknown,UNKNOWN,,,unspecified,monthly,,,全国来源矩阵占位：目标区划已纳入台账，官方信息价入口待核验，不进入自动抓取队列,accepted
mca_geoname_2026_snapshot,140000,山西省,140900,忻州市,prefecture,pending_verify,cost_info.shanxi.140900.pending,忻州市信息价来源待核验,待核验,city,,,unknown,UNKNOWN,,,unspecified,monthly,,,全国来源矩阵占位：目标区划已纳入台账，官方信息价入口待核验，不进入自动抓取队列,accepted
mca_geoname_2026_snapshot,140000,山西省,141000,临汾市,prefecture,pending_verify,cost_info.shanxi.141000.pending,临汾市信息价来源待核验,待核验,city,,,unknown,UNKNOWN,,,unspecified,monthly,,,全国来源矩阵占位：目标区划已纳入台账，官方信息价入口待核验，不进入自动抓取队列,accepted
mca_geoname_2026_snapshot,140000,山西省,141100,吕梁市,prefecture,pending_verify,cost_info.shanxi.141100.pending,吕梁市信息价来源待核验,待核验,city,,,unknown,UNKNOWN,,,unspecified,monthly,,,全国来源矩阵占位：目标区划已纳入台账，官方信息价入口待核验，不进入自动抓取队列,accepted
mca_geoname_2026_snapshot,150000,内蒙古自治区,150100,呼和浩特市,prefecture,pending_verify,cost_info.neimenggu.150100.pending,呼和浩特市信息价来源待核验,待核验,city,,,unknown,UNKNOWN,,,unspecified,monthly,,,全国来源矩阵占位：目标区划已纳入台账，官方信息价入口待核验，不进入自动抓取队列,accepted
mca_geoname_2026_snapshot,150000,内蒙古自治区,150200,包头市,prefecture,pending_verify,cost_info.neimenggu.150200.pending,包头市信息价来源待核验,待核验,city,,,unknown,UNKNOWN,,,unspecified,monthly,,,全国来源矩阵占位：目标区划已纳入台账，官方信息价入口待核验，不进入自动抓取队列,accepted
mca_geoname_2026_snapshot,150000,内蒙古自治区,150300,乌海市,prefecture,pending_verify,cost_info.neimenggu.150300.pending,乌海市信息价来源待核验,待核验,city,,,unknown,UNKNOWN,,,unspecified,monthly,,,全国来源矩阵占位：目标区划已纳入台账，官方信息价入口待核验，不进入自动抓取队列,accepted
mca_geoname_2026_snapshot,150000,内蒙古自治区,150400,赤峰市,prefecture,pending_verify,cost_info.neimenggu.150400.pending,赤峰市信息价来源待核验,待核验,city,,,unknown,UNKNOWN,,,unspecified,monthly,,,全国来源矩阵占位：目标区划已纳入台账，官方信息价入口待核验，不进入自动抓取队列,accepted
mca_geoname_2026_snapshot,150000,内蒙古自治区,150500,通辽市,prefecture,pending_verify,cost_info.neimenggu.150500.pending,通辽市信息价来源待核验,待核验,city,,,unknown,UNKNOWN,,,unspecified,monthly,,,全国来源矩阵占位：目标区划已纳入台账，官方信息价入口待核验，不进入自动抓取队列,accepted
mca_geoname_2026_snapshot,150000,内蒙古自治区,150600,鄂尔多斯市,prefecture,pending_verify,cost_info.neimenggu.150600.pending,鄂尔多斯市信息价来源待核验,待核验,city,,,unknown,UNKNOWN,,,unspecified,monthly,,,全国来源矩阵占位：目标区划已纳入台账，官方信息价入口待核验，不进入自动抓取队列,accepted
mca_geoname_2026_snapshot,150000,内蒙古自治区,150700,呼伦贝尔市,prefecture,pending_verify,cost_info.neimenggu.150700.pending,呼伦贝尔市信息价来源待核验,待核验,city,,,unknown,UNKNOWN,,,unspecified,monthly,,,全国来源矩阵占位：目标区划已纳入台账，官方信息价入口待核验，不进入自动抓取队列,accepted
mca_geoname_2026_snapshot,150000,内蒙古自治区,150800,巴彦淖尔市,prefecture,pending_verify,cost_info.neimenggu.150800.pending,巴彦淖尔市信息价来源待核验,待核验,city,,,unknown,UNKNOWN,,,unspecified,monthly,,,全国来源矩阵占位：目标区划已纳入台账，官方信息价入口待核验，不进入自动抓取队列,accepted
mca_geoname_2026_snapshot,150000,内蒙古自治区,150900,乌兰察布市,prefecture,pending_verify,cost_info.neimenggu.150900.pending,乌兰察布市信息价来源待核验,待核验,city,,,unknown,UNKNOWN,,,unspecified,monthly,,,全国来源矩阵占位：目标区划已纳入台账，官方信息价入口待核验，不进入自动抓取队列,accepted
mca_geoname_2026_snapshot,150000,内蒙古自治区,152200,兴安盟,prefecture,pending_verify,cost_info.neimenggu.152200.pending,兴安盟信息价来源待核验,待核验,city,,,unknown,UNKNOWN,,,unspecified,monthly,,,全国来源矩阵占位：目标区划已纳入台账，官方信息价入口待核验，不进入自动抓取队列,accepted
mca_geoname_2026_snapshot,150000,内蒙古自治区,152500,锡林郭勒盟,prefecture,pending_verify,cost_info.neimenggu.152500.pending,锡林郭勒盟信息价来源待核验,待核验,city,,,unknown,UNKNOWN,,,unspecified,monthly,,,全国来源矩阵占位：目标区划已纳入台账，官方信息价入口待核验，不进入自动抓取队列,accepted
mca_geoname_2026_snapshot,150000,内蒙古自治区,152900,阿拉善盟,prefecture,pending_verify,cost_info.neimenggu.152900.pending,阿拉善盟信息价来源待核验,待核验,city,,,unknown,UNKNOWN,,,unspecified,monthly,,,全国来源矩阵占位：目标区划已纳入台账，官方信息价入口待核验，不进入自动抓取队列,accepted
mca_geoname_2026_snapshot,210000,辽宁省,210100,沈阳市,prefecture,pending_verify,cost_info.liaoning.210100.pending,沈阳市信息价来源待核验,待核验,city,,,unknown,UNKNOWN,,,unspecified,monthly,,,全国来源矩阵占位：目标区划已纳入台账，官方信息价入口待核验，不进入自动抓取队列,accepted
mca_geoname_2026_snapshot,210000,辽宁省,210200,大连市,prefecture,pending_verify,cost_info.liaoning.210200.pending,大连市信息价来源待核验,待核验,city,,,unknown,UNKNOWN,,,unspecified,monthly,,,全国来源矩阵占位：目标区划已纳入台账，官方信息价入口待核验，不进入自动抓取队列,accepted
mca_geoname_2026_snapshot,210000,辽宁省,210300,鞍山市,prefecture,pending_verify,cost_info.liaoning.210300.pending,鞍山市信息价来源待核验,待核验,city,,,unknown,UNKNOWN,,,unspecified,monthly,,,全国来源矩阵占位：目标区划已纳入台账，官方信息价入口待核验，不进入自动抓取队列,accepted
mca_geoname_2026_snapshot,210000,辽宁省,210400,抚顺市,prefecture,pending_verify,cost_info.liaoning.210400.pending,抚顺市信息价来源待核验,待核验,city,,,unknown,UNKNOWN,,,unspecified,monthly,,,全国来源矩阵占位：目标区划已纳入台账，官方信息价入口待核验，不进入自动抓取队列,accepted
mca_geoname_2026_snapshot,210000,辽宁省,210500,本溪市,prefecture,pending_verify,cost_info.liaoning.210500.pending,本溪市信息价来源待核验,待核验,city,,,unknown,UNKNOWN,,,unspecified,monthly,,,全国来源矩阵占位：目标区划已纳入台账，官方信息价入口待核验，不进入自动抓取队列,accepted
mca_geoname_2026_snapshot,210000,辽宁省,210600,丹东市,prefecture,pending_verify,cost_info.liaoning.210600.pending,丹东市信息价来源待核验,待核验,city,,,unknown,UNKNOWN,,,unspecified,monthly,,,全国来源矩阵占位：目标区划已纳入台账，官方信息价入口待核验，不进入自动抓取队列,accepted
mca_geoname_2026_snapshot,210000,辽宁省,210700,锦州市,prefecture,pending_verify,cost_info.liaoning.210700.pending,锦州市信息价来源待核验,待核验,city,,,unknown,UNKNOWN,,,unspecified,monthly,,,全国来源矩阵占位：目标区划已纳入台账，官方信息价入口待核验，不进入自动抓取队列,accepted
mca_geoname_2026_snapshot,210000,辽宁省,210800,营口市,prefecture,pending_verify,cost_info.liaoning.210800.pending,营口市信息价来源待核验,待核验,city,,,unknown,UNKNOWN,,,unspecified,monthly,,,全国来源矩阵占位：目标区划已纳入台账，官方信息价入口待核验，不进入自动抓取队列,accepted
mca_geoname_2026_snapshot,210000,辽宁省,210900,阜新市,prefecture,pending_verify,cost_info.liaoning.210900.pending,阜新市信息价来源待核验,待核验,city,,,unknown,UNKNOWN,,,unspecified,monthly,,,全国来源矩阵占位：目标区划已纳入台账，官方信息价入口待核验，不进入自动抓取队列,accepted
mca_geoname_2026_snapshot,210000,辽宁省,211000,辽阳市,prefecture,pending_verify,cost_info.liaoning.211000.pending,辽阳市信息价来源待核验,待核验,city,,,unknown,UNKNOWN,,,unspecified,monthly,,,全国来源矩阵占位：目标区划已纳入台账，官方信息价入口待核验，不进入自动抓取队列,accepted
mca_geoname_2026_snapshot,210000,辽宁省,211100,盘锦市,prefecture,pending_verify,cost_info.liaoning.211100.pending,盘锦市信息价来源待核验,待核验,city,,,unknown,UNKNOWN,,,unspecified,monthly,,,全国来源矩阵占位：目标区划已纳入台账，官方信息价入口待核验，不进入自动抓取队列,accepted
mca_geoname_2026_snapshot,210000,辽宁省,211200,铁岭市,prefecture,pending_verify,cost_info.liaoning.211200.pending,铁岭市信息价来源待核验,待核验,city,,,unknown,UNKNOWN,,,unspecified,monthly,,,全国来源矩阵占位：目标区划已纳入台账，官方信息价入口待核验，不进入自动抓取队列,accepted
mca_geoname_2026_snapshot,210000,辽宁省,211300,朝阳市,prefecture,pending_verify,cost_info.liaoning.211300.pending,朝阳市信息价来源待核验,待核验,city,,,unknown,UNKNOWN,,,unspecified,monthly,,,全国来源矩阵占位：目标区划已纳入台账，官方信息价入口待核验，不进入自动抓取队列,accepted
mca_geoname_2026_snapshot,210000,辽宁省,211400,葫芦岛市,prefecture,pending_verify,cost_info.liaoning.211400.pending,葫芦岛市信息价来源待核验,待核验,city,,,unknown,UNKNOWN,,,unspecified,monthly,,,全国来源矩阵占位：目标区划已纳入台账，官方信息价入口待核验，不进入自动抓取队列,accepted
mca_geoname_2026_snapshot,220000,吉林省,220100,长春市,prefecture,pending_verify,cost_info.jilin.220100.pending,长春市信息价来源待核验,待核验,city,,,unknown,UNKNOWN,,,unspecified,monthly,,,全国来源矩阵占位：目标区划已纳入台账，官方信息价入口待核验，不进入自动抓取队列,accepted
mca_geoname_2026_snapshot,220000,吉林省,220200,吉林市,prefecture,pending_verify,cost_info.jilin.220200.pending,吉林市信息价来源待核验,待核验,city,,,unknown,UNKNOWN,,,unspecified,monthly,,,全国来源矩阵占位：目标区划已纳入台账，官方信息价入口待核验，不进入自动抓取队列,accepted
mca_geoname_2026_snapshot,220000,吉林省,220300,四平市,prefecture,pending_verify,cost_info.jilin.220300.pending,四平市信息价来源待核验,待核验,city,,,unknown,UNKNOWN,,,unspecified,monthly,,,全国来源矩阵占位：目标区划已纳入台账，官方信息价入口待核验，不进入自动抓取队列,accepted
mca_geoname_2026_snapshot,220000,吉林省,220400,辽源市,prefecture,pending_verify,cost_info.jilin.220400.pending,辽源市信息价来源待核验,待核验,city,,,unknown,UNKNOWN,,,unspecified,monthly,,,全国来源矩阵占位：目标区划已纳入台账，官方信息价入口待核验，不进入自动抓取队列,accepted
mca_geoname_2026_snapshot,220000,吉林省,220500,通化市,prefecture,pending_verify,cost_info.jilin.220500.pending,通化市信息价来源待核验,待核验,city,,,unknown,UNKNOWN,,,unspecified,monthly,,,全国来源矩阵占位：目标区划已纳入台账，官方信息价入口待核验，不进入自动抓取队列,accepted
mca_geoname_2026_snapshot,220000,吉林省,220600,白山市,prefecture,pending_verify,cost_info.jilin.220600.pending,白山市信息价来源待核验,待核验,city,,,unknown,UNKNOWN,,,unspecified,monthly,,,全国来源矩阵占位：目标区划已纳入台账，官方信息价入口待核验，不进入自动抓取队列,accepted
mca_geoname_2026_snapshot,220000,吉林省,220700,松原市,prefecture,pending_verify,cost_info.jilin.220700.pending,松原市信息价来源待核验,待核验,city,,,unknown,UNKNOWN,,,unspecified,monthly,,,全国来源矩阵占位：目标区划已纳入台账，官方信息价入口待核验，不进入自动抓取队列,accepted
mca_geoname_2026_snapshot,220000,吉林省,220800,白城市,prefecture,pending_verify,cost_info.jilin.220800.pending,白城市信息价来源待核验,待核验,city,,,unknown,UNKNOWN,,,unspecified,monthly,,,全国来源矩阵占位：目标区划已纳入台账，官方信息价入口待核验，不进入自动抓取队列,accepted
mca_geoname_2026_snapshot,220000,吉林省,222400,延边朝鲜族自治州,prefecture,pending_verify,cost_info.jilin.222400.pending,延边朝鲜族自治州信息价来源待核验,待核验,city,,,unknown,UNKNOWN,,,unspecified,monthly,,,全国来源矩阵占位：目标区划已纳入台账，官方信息价入口待核验，不进入自动抓取队列,accepted
mca_geoname_2026_snapshot,230000,黑龙江省,230100,哈尔滨市,prefecture,pending_verify,cost_info.heilongjiang.230100.pending,哈尔滨市信息价来源待核验,待核验,city,,,unknown,UNKNOWN,,,unspecified,monthly,,,全国来源矩阵占位：目标区划已纳入台账，官方信息价入口待核验，不进入自动抓取队列,accepted
mca_geoname_2026_snapshot,230000,黑龙江省,230200,齐齐哈尔市,prefecture,pending_verify,cost_info.heilongjiang.230200.pending,齐齐哈尔市信息价来源待核验,待核验,city,,,unknown,UNKNOWN,,,unspecified,monthly,,,全国来源矩阵占位：目标区划已纳入台账，官方信息价入口待核验，不进入自动抓取队列,accepted
mca_geoname_2026_snapshot,230000,黑龙江省,230300,鸡西市,prefecture,pending_verify,cost_info.heilongjiang.230300.pending,鸡西市信息价来源待核验,待核验,city,,,unknown,UNKNOWN,,,unspecified,monthly,,,全国来源矩阵占位：目标区划已纳入台账，官方信息价入口待核验，不进入自动抓取队列,accepted
mca_geoname_2026_snapshot,230000,黑龙江省,230400,鹤岗市,prefecture,pending_verify,cost_info.heilongjiang.230400.pending,鹤岗市信息价来源待核验,待核验,city,,,unknown,UNKNOWN,,,unspecified,monthly,,,全国来源矩阵占位：目标区划已纳入台账，官方信息价入口待核验，不进入自动抓取队列,accepted
mca_geoname_2026_snapshot,230000,黑龙江省,230500,双鸭山市,prefecture,pending_verify,cost_info.heilongjiang.230500.pending,双鸭山市信息价来源待核验,待核验,city,,,unknown,UNKNOWN,,,unspecified,monthly,,,全国来源矩阵占位：目标区划已纳入台账，官方信息价入口待核验，不进入自动抓取队列,accepted
mca_geoname_2026_snapshot,230000,黑龙江省,230600,大庆市,prefecture,pending_verify,cost_info.heilongjiang.230600.pending,大庆市信息价来源待核验,待核验,city,,,unknown,UNKNOWN,,,unspecified,monthly,,,全国来源矩阵占位：目标区划已纳入台账，官方信息价入口待核验，不进入自动抓取队列,accepted
mca_geoname_2026_snapshot,230000,黑龙江省,230700,伊春市,prefecture,pending_verify,cost_info.heilongjiang.230700.pending,伊春市信息价来源待核验,待核验,city,,,unknown,UNKNOWN,,,unspecified,monthly,,,全国来源矩阵占位：目标区划已纳入台账，官方信息价入口待核验，不进入自动抓取队列,accepted
mca_geoname_2026_snapshot,230000,黑龙江省,230800,佳木斯市,prefecture,pending_verify,cost_info.heilongjiang.230800.pending,佳木斯市信息价来源待核验,待核验,city,,,unknown,UNKNOWN,,,unspecified,monthly,,,全国来源矩阵占位：目标区划已纳入台账，官方信息价入口待核验，不进入自动抓取队列,accepted
mca_geoname_2026_snapshot,230000,黑龙江省,230900,七台河市,prefecture,pending_verify,cost_info.heilongjiang.230900.pending,七台河市信息价来源待核验,待核验,city,,,unknown,UNKNOWN,,,unspecified,monthly,,,全国来源矩阵占位：目标区划已纳入台账，官方信息价入口待核验，不进入自动抓取队列,accepted
mca_geoname_2026_snapshot,230000,黑龙江省,231000,牡丹江市,prefecture,pending_verify,cost_info.heilongjiang.231000.pending,牡丹江市信息价来源待核验,待核验,city,,,unknown,UNKNOWN,,,unspecified,monthly,,,全国来源矩阵占位：目标区划已纳入台账，官方信息价入口待核验，不进入自动抓取队列,accepted
mca_geoname_2026_snapshot,230000,黑龙江省,231100,黑河市,prefecture,pending_verify,cost_info.heilongjiang.231100.pending,黑河市信息价来源待核验,待核验,city,,,unknown,UNKNOWN,,,unspecified,monthly,,,全国来源矩阵占位：目标区划已纳入台账，官方信息价入口待核验，不进入自动抓取队列,accepted
mca_geoname_2026_snapshot,230000,黑龙江省,231200,绥化市,prefecture,pending_verify,cost_info.heilongjiang.231200.pending,绥化市信息价来源待核验,待核验,city,,,unknown,UNKNOWN,,,unspecified,monthly,,,全国来源矩阵占位：目标区划已纳入台账，官方信息价入口待核验，不进入自动抓取队列,accepted
mca_geoname_2026_snapshot,230000,黑龙江省,232700,大兴安岭地区,prefecture,pending_verify,cost_info.heilongjiang.232700.pending,大兴安岭地区信息价来源待核验,待核验,city,,,unknown,UNKNOWN,,,unspecified,monthly,,,全国来源矩阵占位：目标区划已纳入台账，官方信息价入口待核验，不进入自动抓取队列,accepted
mca_geoname_2026_snapshot,310000,上海市,310000,上海市,municipality,auto_crawl_ready,cost_info.sh.ciac.info_price,上海市建筑建材业市场管理总站-信息价,上海市建筑建材业市场管理总站,municipality,https://www.ciac.sh.cn/,https://www.ciac.sh.cn/,excel_only,DIRECT_WEB,shanghai_excel,tr,guidance,monthly,,,已接入上海 Excel 来源配置,accepted
mca_geoname_2026_snapshot,320000,江苏省,320100,南京市,prefecture,pending_verify,cost_info.jiangsu.320100.pending,南京市信息价来源待核验,待核验,city,,,unknown,UNKNOWN,,,unspecified,monthly,,,全国来源矩阵占位：目标区划已纳入台账，官方信息价入口待核验，不进入自动抓取队列,accepted
mca_geoname_2026_snapshot,320000,江苏省,320200,无锡市,prefecture,pending_verify,cost_info.jiangsu.320200.pending,无锡市信息价来源待核验,待核验,city,,,unknown,UNKNOWN,,,unspecified,monthly,,,全国来源矩阵占位：目标区划已纳入台账，官方信息价入口待核验，不进入自动抓取队列,accepted
mca_geoname_2026_snapshot,320000,江苏省,320300,徐州市,prefecture,pending_verify,cost_info.jiangsu.320300.pending,徐州市信息价来源待核验,待核验,city,,,unknown,UNKNOWN,,,unspecified,monthly,,,全国来源矩阵占位：目标区划已纳入台账，官方信息价入口待核验，不进入自动抓取队列,accepted
mca_geoname_2026_snapshot,320000,江苏省,320400,常州市,prefecture,pending_verify,cost_info.jiangsu.320400.pending,常州市信息价来源待核验,待核验,city,,,unknown,UNKNOWN,,,unspecified,monthly,,,全国来源矩阵占位：目标区划已纳入台账，官方信息价入口待核验，不进入自动抓取队列,accepted
mca_geoname_2026_snapshot,320000,江苏省,320500,苏州市,prefecture,pending_verify,cost_info.jiangsu.320500.pending,苏州市信息价来源待核验,待核验,city,,,unknown,UNKNOWN,,,unspecified,monthly,,,全国来源矩阵占位：目标区划已纳入台账，官方信息价入口待核验，不进入自动抓取队列,accepted
mca_geoname_2026_snapshot,320000,江苏省,320600,南通市,prefecture,pending_verify,cost_info.jiangsu.320600.pending,南通市信息价来源待核验,待核验,city,,,unknown,UNKNOWN,,,unspecified,monthly,,,全国来源矩阵占位：目标区划已纳入台账，官方信息价入口待核验，不进入自动抓取队列,accepted
mca_geoname_2026_snapshot,320000,江苏省,320700,连云港市,prefecture,pending_verify,cost_info.jiangsu.320700.pending,连云港市信息价来源待核验,待核验,city,,,unknown,UNKNOWN,,,unspecified,monthly,,,全国来源矩阵占位：目标区划已纳入台账，官方信息价入口待核验，不进入自动抓取队列,accepted
mca_geoname_2026_snapshot,320000,江苏省,320800,淮安市,prefecture,pending_verify,cost_info.jiangsu.320800.pending,淮安市信息价来源待核验,待核验,city,,,unknown,UNKNOWN,,,unspecified,monthly,,,全国来源矩阵占位：目标区划已纳入台账，官方信息价入口待核验，不进入自动抓取队列,accepted
mca_geoname_2026_snapshot,320000,江苏省,320900,盐城市,prefecture,pending_verify,cost_info.jiangsu.320900.pending,盐城市信息价来源待核验,待核验,city,,,unknown,UNKNOWN,,,unspecified,monthly,,,全国来源矩阵占位：目标区划已纳入台账，官方信息价入口待核验，不进入自动抓取队列,accepted
mca_geoname_2026_snapshot,320000,江苏省,321000,扬州市,prefecture,pending_verify,cost_info.jiangsu.321000.pending,扬州市信息价来源待核验,待核验,city,,,unknown,UNKNOWN,,,unspecified,monthly,,,全国来源矩阵占位：目标区划已纳入台账，官方信息价入口待核验，不进入自动抓取队列,accepted
mca_geoname_2026_snapshot,320000,江苏省,321100,镇江市,prefecture,pending_verify,cost_info.jiangsu.321100.pending,镇江市信息价来源待核验,待核验,city,,,unknown,UNKNOWN,,,unspecified,monthly,,,全国来源矩阵占位：目标区划已纳入台账，官方信息价入口待核验，不进入自动抓取队列,accepted
mca_geoname_2026_snapshot,320000,江苏省,321200,泰州市,prefecture,pending_verify,cost_info.jiangsu.321200.pending,泰州市信息价来源待核验,待核验,city,,,unknown,UNKNOWN,,,unspecified,monthly,,,全国来源矩阵占位：目标区划已纳入台账，官方信息价入口待核验，不进入自动抓取队列,accepted
mca_geoname_2026_snapshot,320000,江苏省,321300,宿迁市,prefecture,pending_verify,cost_info.jiangsu.321300.pending,宿迁市信息价来源待核验,待核验,city,,,unknown,UNKNOWN,,,unspecified,monthly,,,全国来源矩阵占位：目标区划已纳入台账，官方信息价入口待核验，不进入自动抓取队列,accepted
mca_geoname_2026_snapshot,330000,浙江省,330100,杭州市,prefecture,pending_verify,cost_info.zhejiang.330100.pending,杭州市信息价来源待核验,待核验,city,,,unknown,UNKNOWN,,,unspecified,monthly,,,全国来源矩阵占位：目标区划已纳入台账，官方信息价入口待核验，不进入自动抓取队列,accepted
mca_geoname_2026_snapshot,330000,浙江省,330200,宁波市,prefecture,pending_verify,cost_info.zhejiang.330200.pending,宁波市信息价来源待核验,待核验,city,,,unknown,UNKNOWN,,,unspecified,monthly,,,全国来源矩阵占位：目标区划已纳入台账，官方信息价入口待核验，不进入自动抓取队列,accepted
mca_geoname_2026_snapshot,330000,浙江省,330300,温州市,prefecture,pending_verify,cost_info.zhejiang.330300.pending,温州市信息价来源待核验,待核验,city,,,unknown,UNKNOWN,,,unspecified,monthly,,,全国来源矩阵占位：目标区划已纳入台账，官方信息价入口待核验，不进入自动抓取队列,accepted
mca_geoname_2026_snapshot,330000,浙江省,330400,嘉兴市,prefecture,pending_verify,cost_info.zhejiang.330400.pending,嘉兴市信息价来源待核验,待核验,city,,,unknown,UNKNOWN,,,unspecified,monthly,,,全国来源矩阵占位：目标区划已纳入台账，官方信息价入口待核验，不进入自动抓取队列,accepted
mca_geoname_2026_snapshot,330000,浙江省,330500,湖州市,prefecture,pending_verify,cost_info.zhejiang.330500.pending,湖州市信息价来源待核验,待核验,city,,,unknown,UNKNOWN,,,unspecified,monthly,,,全国来源矩阵占位：目标区划已纳入台账，官方信息价入口待核验，不进入自动抓取队列,accepted
mca_geoname_2026_snapshot,330000,浙江省,330600,绍兴市,prefecture,pending_verify,cost_info.zhejiang.330600.pending,绍兴市信息价来源待核验,待核验,city,,,unknown,UNKNOWN,,,unspecified,monthly,,,全国来源矩阵占位：目标区划已纳入台账，官方信息价入口待核验，不进入自动抓取队列,accepted
mca_geoname_2026_snapshot,330000,浙江省,330700,金华市,prefecture,pending_verify,cost_info.zhejiang.330700.pending,金华市信息价来源待核验,待核验,city,,,unknown,UNKNOWN,,,unspecified,monthly,,,全国来源矩阵占位：目标区划已纳入台账，官方信息价入口待核验，不进入自动抓取队列,accepted
mca_geoname_2026_snapshot,330000,浙江省,330800,衢州市,prefecture,pending_verify,cost_info.zhejiang.330800.pending,衢州市信息价来源待核验,待核验,city,,,unknown,UNKNOWN,,,unspecified,monthly,,,全国来源矩阵占位：目标区划已纳入台账，官方信息价入口待核验，不进入自动抓取队列,accepted
mca_geoname_2026_snapshot,330000,浙江省,330900,舟山市,prefecture,pending_verify,cost_info.zhejiang.330900.pending,舟山市信息价来源待核验,待核验,city,,,unknown,UNKNOWN,,,unspecified,monthly,,,全国来源矩阵占位：目标区划已纳入台账，官方信息价入口待核验，不进入自动抓取队列,accepted
mca_geoname_2026_snapshot,330000,浙江省,331000,台州市,prefecture,pending_verify,cost_info.zhejiang.331000.pending,台州市信息价来源待核验,待核验,city,,,unknown,UNKNOWN,,,unspecified,monthly,,,全国来源矩阵占位：目标区划已纳入台账，官方信息价入口待核验，不进入自动抓取队列,accepted
mca_geoname_2026_snapshot,330000,浙江省,331100,丽水市,prefecture,pending_verify,cost_info.zhejiang.331100.pending,丽水市信息价来源待核验,待核验,city,,,unknown,UNKNOWN,,,unspecified,monthly,,,全国来源矩阵占位：目标区划已纳入台账，官方信息价入口待核验，不进入自动抓取队列,accepted
mca_geoname_2026_snapshot,340000,安徽省,340100,合肥市,prefecture,pending_verify,cost_info.anhui.340100.pending,合肥市信息价来源待核验,待核验,city,,,unknown,UNKNOWN,,,unspecified,monthly,,,全国来源矩阵占位：目标区划已纳入台账，官方信息价入口待核验，不进入自动抓取队列,accepted
mca_geoname_2026_snapshot,340000,安徽省,340200,芜湖市,prefecture,pending_verify,cost_info.anhui.340200.pending,芜湖市信息价来源待核验,待核验,city,,,unknown,UNKNOWN,,,unspecified,monthly,,,全国来源矩阵占位：目标区划已纳入台账，官方信息价入口待核验，不进入自动抓取队列,accepted
mca_geoname_2026_snapshot,340000,安徽省,340300,蚌埠市,prefecture,pending_verify,cost_info.anhui.340300.pending,蚌埠市信息价来源待核验,待核验,city,,,unknown,UNKNOWN,,,unspecified,monthly,,,全国来源矩阵占位：目标区划已纳入台账，官方信息价入口待核验，不进入自动抓取队列,accepted
mca_geoname_2026_snapshot,340000,安徽省,340400,淮南市,prefecture,pending_verify,cost_info.anhui.340400.pending,淮南市信息价来源待核验,待核验,city,,,unknown,UNKNOWN,,,unspecified,monthly,,,全国来源矩阵占位：目标区划已纳入台账，官方信息价入口待核验，不进入自动抓取队列,accepted
mca_geoname_2026_snapshot,340000,安徽省,340500,马鞍山市,prefecture,pending_verify,cost_info.anhui.340500.pending,马鞍山市信息价来源待核验,待核验,city,,,unknown,UNKNOWN,,,unspecified,monthly,,,全国来源矩阵占位：目标区划已纳入台账，官方信息价入口待核验，不进入自动抓取队列,accepted
mca_geoname_2026_snapshot,340000,安徽省,340600,淮北市,prefecture,pending_verify,cost_info.anhui.340600.pending,淮北市信息价来源待核验,待核验,city,,,unknown,UNKNOWN,,,unspecified,monthly,,,全国来源矩阵占位：目标区划已纳入台账，官方信息价入口待核验，不进入自动抓取队列,accepted
mca_geoname_2026_snapshot,340000,安徽省,340700,铜陵市,prefecture,pending_verify,cost_info.anhui.340700.pending,铜陵市信息价来源待核验,待核验,city,,,unknown,UNKNOWN,,,unspecified,monthly,,,全国来源矩阵占位：目标区划已纳入台账，官方信息价入口待核验，不进入自动抓取队列,accepted
mca_geoname_2026_snapshot,340000,安徽省,340800,安庆市,prefecture,pending_verify,cost_info.anhui.340800.pending,安庆市信息价来源待核验,待核验,city,,,unknown,UNKNOWN,,,unspecified,monthly,,,全国来源矩阵占位：目标区划已纳入台账，官方信息价入口待核验，不进入自动抓取队列,accepted
mca_geoname_2026_snapshot,340000,安徽省,341000,黄山市,prefecture,pending_verify,cost_info.anhui.341000.pending,黄山市信息价来源待核验,待核验,city,,,unknown,UNKNOWN,,,unspecified,monthly,,,全国来源矩阵占位：目标区划已纳入台账，官方信息价入口待核验，不进入自动抓取队列,accepted
mca_geoname_2026_snapshot,340000,安徽省,341100,滁州市,prefecture,pending_verify,cost_info.anhui.341100.pending,滁州市信息价来源待核验,待核验,city,,,unknown,UNKNOWN,,,unspecified,monthly,,,全国来源矩阵占位：目标区划已纳入台账，官方信息价入口待核验，不进入自动抓取队列,accepted
mca_geoname_2026_snapshot,340000,安徽省,341200,阜阳市,prefecture,pending_verify,cost_info.anhui.341200.pending,阜阳市信息价来源待核验,待核验,city,,,unknown,UNKNOWN,,,unspecified,monthly,,,全国来源矩阵占位：目标区划已纳入台账，官方信息价入口待核验，不进入自动抓取队列,accepted
mca_geoname_2026_snapshot,340000,安徽省,341300,宿州市,prefecture,pending_verify,cost_info.anhui.341300.pending,宿州市信息价来源待核验,待核验,city,,,unknown,UNKNOWN,,,unspecified,monthly,,,全国来源矩阵占位：目标区划已纳入台账，官方信息价入口待核验，不进入自动抓取队列,accepted
mca_geoname_2026_snapshot,340000,安徽省,341500,六安市,prefecture,pending_verify,cost_info.anhui.341500.pending,六安市信息价来源待核验,待核验,city,,,unknown,UNKNOWN,,,unspecified,monthly,,,全国来源矩阵占位：目标区划已纳入台账，官方信息价入口待核验，不进入自动抓取队列,accepted
mca_geoname_2026_snapshot,340000,安徽省,341600,亳州市,prefecture,pending_verify,cost_info.anhui.341600.pending,亳州市信息价来源待核验,待核验,city,,,unknown,UNKNOWN,,,unspecified,monthly,,,全国来源矩阵占位：目标区划已纳入台账，官方信息价入口待核验，不进入自动抓取队列,accepted
mca_geoname_2026_snapshot,340000,安徽省,341700,池州市,prefecture,pending_verify,cost_info.anhui.341700.pending,池州市信息价来源待核验,待核验,city,,,unknown,UNKNOWN,,,unspecified,monthly,,,全国来源矩阵占位：目标区划已纳入台账，官方信息价入口待核验，不进入自动抓取队列,accepted
mca_geoname_2026_snapshot,340000,安徽省,341800,宣城市,prefecture,pending_verify,cost_info.anhui.341800.pending,宣城市信息价来源待核验,待核验,city,,,unknown,UNKNOWN,,,unspecified,monthly,,,全国来源矩阵占位：目标区划已纳入台账，官方信息价入口待核验，不进入自动抓取队列,accepted
mca_geoname_2026_snapshot,350000,福建省,350100,福州市,prefecture,pending_verify,cost_info.fujian.350100.pending,福州市信息价来源待核验,待核验,city,,,unknown,UNKNOWN,,,unspecified,monthly,,,全国来源矩阵占位：目标区划已纳入台账，官方信息价入口待核验，不进入自动抓取队列,accepted
mca_geoname_2026_snapshot,350000,福建省,350200,厦门市,prefecture,pending_verify,cost_info.fujian.350200.pending,厦门市信息价来源待核验,待核验,city,,,unknown,UNKNOWN,,,unspecified,monthly,,,全国来源矩阵占位：目标区划已纳入台账，官方信息价入口待核验，不进入自动抓取队列,accepted
mca_geoname_2026_snapshot,350000,福建省,350300,莆田市,prefecture,pending_verify,cost_info.fujian.350300.pending,莆田市信息价来源待核验,待核验,city,,,unknown,UNKNOWN,,,unspecified,monthly,,,全国来源矩阵占位：目标区划已纳入台账，官方信息价入口待核验，不进入自动抓取队列,accepted
mca_geoname_2026_snapshot,350000,福建省,350400,三明市,prefecture,pending_verify,cost_info.fujian.350400.pending,三明市信息价来源待核验,待核验,city,,,unknown,UNKNOWN,,,unspecified,monthly,,,全国来源矩阵占位：目标区划已纳入台账，官方信息价入口待核验，不进入自动抓取队列,accepted
mca_geoname_2026_snapshot,350000,福建省,350500,泉州市,prefecture,pending_verify,cost_info.fujian.350500.pending,泉州市信息价来源待核验,待核验,city,,,unknown,UNKNOWN,,,unspecified,monthly,,,全国来源矩阵占位：目标区划已纳入台账，官方信息价入口待核验，不进入自动抓取队列,accepted
mca_geoname_2026_snapshot,350000,福建省,350600,漳州市,prefecture,pending_verify,cost_info.fujian.350600.pending,漳州市信息价来源待核验,待核验,city,,,unknown,UNKNOWN,,,unspecified,monthly,,,全国来源矩阵占位：目标区划已纳入台账，官方信息价入口待核验，不进入自动抓取队列,accepted
mca_geoname_2026_snapshot,350000,福建省,350700,南平市,prefecture,pending_verify,cost_info.fujian.350700.pending,南平市信息价来源待核验,待核验,city,,,unknown,UNKNOWN,,,unspecified,monthly,,,全国来源矩阵占位：目标区划已纳入台账，官方信息价入口待核验，不进入自动抓取队列,accepted
mca_geoname_2026_snapshot,350000,福建省,350800,龙岩市,prefecture,pending_verify,cost_info.fujian.350800.pending,龙岩市信息价来源待核验,待核验,city,,,unknown,UNKNOWN,,,unspecified,monthly,,,全国来源矩阵占位：目标区划已纳入台账，官方信息价入口待核验，不进入自动抓取队列,accepted
mca_geoname_2026_snapshot,350000,福建省,350900,宁德市,prefecture,pending_verify,cost_info.fujian.350900.pending,宁德市信息价来源待核验,待核验,city,,,unknown,UNKNOWN,,,unspecified,monthly,,,全国来源矩阵占位：目标区划已纳入台账，官方信息价入口待核验，不进入自动抓取队列,accepted
mca_geoname_2026_snapshot,360000,江西省,360100,南昌市,prefecture,pending_verify,cost_info.jiangxi.360100.pending,南昌市信息价来源待核验,待核验,city,,,unknown,UNKNOWN,,,unspecified,monthly,,,全国来源矩阵占位：目标区划已纳入台账，官方信息价入口待核验，不进入自动抓取队列,accepted
mca_geoname_2026_snapshot,360000,江西省,360200,景德镇市,prefecture,pending_verify,cost_info.jiangxi.360200.pending,景德镇市信息价来源待核验,待核验,city,,,unknown,UNKNOWN,,,unspecified,monthly,,,全国来源矩阵占位：目标区划已纳入台账，官方信息价入口待核验，不进入自动抓取队列,accepted
mca_geoname_2026_snapshot,360000,江西省,360300,萍乡市,prefecture,pending_verify,cost_info.jiangxi.360300.pending,萍乡市信息价来源待核验,待核验,city,,,unknown,UNKNOWN,,,unspecified,monthly,,,全国来源矩阵占位：目标区划已纳入台账，官方信息价入口待核验，不进入自动抓取队列,accepted
mca_geoname_2026_snapshot,360000,江西省,360400,九江市,prefecture,pending_verify,cost_info.jiangxi.360400.pending,九江市信息价来源待核验,待核验,city,,,unknown,UNKNOWN,,,unspecified,monthly,,,全国来源矩阵占位：目标区划已纳入台账，官方信息价入口待核验，不进入自动抓取队列,accepted
mca_geoname_2026_snapshot,360000,江西省,360500,新余市,prefecture,pending_verify,cost_info.jiangxi.360500.pending,新余市信息价来源待核验,待核验,city,,,unknown,UNKNOWN,,,unspecified,monthly,,,全国来源矩阵占位：目标区划已纳入台账，官方信息价入口待核验，不进入自动抓取队列,accepted
mca_geoname_2026_snapshot,360000,江西省,360600,鹰潭市,prefecture,pending_verify,cost_info.jiangxi.360600.pending,鹰潭市信息价来源待核验,待核验,city,,,unknown,UNKNOWN,,,unspecified,monthly,,,全国来源矩阵占位：目标区划已纳入台账，官方信息价入口待核验，不进入自动抓取队列,accepted
mca_geoname_2026_snapshot,360000,江西省,360700,赣州市,prefecture,pending_verify,cost_info.jiangxi.360700.pending,赣州市信息价来源待核验,待核验,city,,,unknown,UNKNOWN,,,unspecified,monthly,,,全国来源矩阵占位：目标区划已纳入台账，官方信息价入口待核验，不进入自动抓取队列,accepted
mca_geoname_2026_snapshot,360000,江西省,360800,吉安市,prefecture,pending_verify,cost_info.jiangxi.360800.pending,吉安市信息价来源待核验,待核验,city,,,unknown,UNKNOWN,,,unspecified,monthly,,,全国来源矩阵占位：目标区划已纳入台账，官方信息价入口待核验，不进入自动抓取队列,accepted
mca_geoname_2026_snapshot,360000,江西省,360900,宜春市,prefecture,pending_verify,cost_info.jiangxi.360900.pending,宜春市信息价来源待核验,待核验,city,,,unknown,UNKNOWN,,,unspecified,monthly,,,全国来源矩阵占位：目标区划已纳入台账，官方信息价入口待核验，不进入自动抓取队列,accepted
mca_geoname_2026_snapshot,360000,江西省,361000,抚州市,prefecture,pending_verify,cost_info.jiangxi.361000.pending,抚州市信息价来源待核验,待核验,city,,,unknown,UNKNOWN,,,unspecified,monthly,,,全国来源矩阵占位：目标区划已纳入台账，官方信息价入口待核验，不进入自动抓取队列,accepted
mca_geoname_2026_snapshot,360000,江西省,361100,上饶市,prefecture,pending_verify,cost_info.jiangxi.361100.pending,上饶市信息价来源待核验,待核验,city,,,unknown,UNKNOWN,,,unspecified,monthly,,,全国来源矩阵占位：目标区划已纳入台账，官方信息价入口待核验，不进入自动抓取队列,accepted
mca_geoname_2026_snapshot,370000,山东省,370100,济南市,prefecture,pending_verify,cost_info.shandong.370100.pending,济南市信息价来源待核验,待核验,city,,,unknown,UNKNOWN,,,unspecified,monthly,,,全国来源矩阵占位：目标区划已纳入台账，官方信息价入口待核验，不进入自动抓取队列,accepted
mca_geoname_2026_snapshot,370000,山东省,370200,青岛市,prefecture,pending_verify,cost_info.shandong.370200.pending,青岛市信息价来源待核验,待核验,city,,,unknown,UNKNOWN,,,unspecified,monthly,,,全国来源矩阵占位：目标区划已纳入台账，官方信息价入口待核验，不进入自动抓取队列,accepted
mca_geoname_2026_snapshot,370000,山东省,370300,淄博市,prefecture,pending_verify,cost_info.shandong.370300.pending,淄博市信息价来源待核验,待核验,city,,,unknown,UNKNOWN,,,unspecified,monthly,,,全国来源矩阵占位：目标区划已纳入台账，官方信息价入口待核验，不进入自动抓取队列,accepted
mca_geoname_2026_snapshot,370000,山东省,370400,枣庄市,prefecture,pending_verify,cost_info.shandong.370400.pending,枣庄市信息价来源待核验,待核验,city,,,unknown,UNKNOWN,,,unspecified,monthly,,,全国来源矩阵占位：目标区划已纳入台账，官方信息价入口待核验，不进入自动抓取队列,accepted
mca_geoname_2026_snapshot,370000,山东省,370500,东营市,prefecture,pending_verify,cost_info.shandong.370500.pending,东营市信息价来源待核验,待核验,city,,,unknown,UNKNOWN,,,unspecified,monthly,,,全国来源矩阵占位：目标区划已纳入台账，官方信息价入口待核验，不进入自动抓取队列,accepted
mca_geoname_2026_snapshot,370000,山东省,370600,烟台市,prefecture,pending_verify,cost_info.shandong.370600.pending,烟台市信息价来源待核验,待核验,city,,,unknown,UNKNOWN,,,unspecified,monthly,,,全国来源矩阵占位：目标区划已纳入台账，官方信息价入口待核验，不进入自动抓取队列,accepted
mca_geoname_2026_snapshot,370000,山东省,370700,潍坊市,prefecture,pending_verify,cost_info.shandong.370700.pending,潍坊市信息价来源待核验,待核验,city,,,unknown,UNKNOWN,,,unspecified,monthly,,,全国来源矩阵占位：目标区划已纳入台账，官方信息价入口待核验，不进入自动抓取队列,accepted
mca_geoname_2026_snapshot,370000,山东省,370800,济宁市,prefecture,pending_verify,cost_info.shandong.370800.pending,济宁市信息价来源待核验,待核验,city,,,unknown,UNKNOWN,,,unspecified,monthly,,,全国来源矩阵占位：目标区划已纳入台账，官方信息价入口待核验，不进入自动抓取队列,accepted
mca_geoname_2026_snapshot,370000,山东省,370900,泰安市,prefecture,pending_verify,cost_info.shandong.370900.pending,泰安市信息价来源待核验,待核验,city,,,unknown,UNKNOWN,,,unspecified,monthly,,,全国来源矩阵占位：目标区划已纳入台账，官方信息价入口待核验，不进入自动抓取队列,accepted
mca_geoname_2026_snapshot,370000,山东省,371000,威海市,prefecture,pending_verify,cost_info.shandong.371000.pending,威海市信息价来源待核验,待核验,city,,,unknown,UNKNOWN,,,unspecified,monthly,,,全国来源矩阵占位：目标区划已纳入台账，官方信息价入口待核验，不进入自动抓取队列,accepted
mca_geoname_2026_snapshot,370000,山东省,371100,日照市,prefecture,pending_verify,cost_info.shandong.371100.pending,日照市信息价来源待核验,待核验,city,,,unknown,UNKNOWN,,,unspecified,monthly,,,全国来源矩阵占位：目标区划已纳入台账，官方信息价入口待核验，不进入自动抓取队列,accepted
mca_geoname_2026_snapshot,370000,山东省,371300,临沂市,prefecture,pending_verify,cost_info.shandong.371300.pending,临沂市信息价来源待核验,待核验,city,,,unknown,UNKNOWN,,,unspecified,monthly,,,全国来源矩阵占位：目标区划已纳入台账，官方信息价入口待核验，不进入自动抓取队列,accepted
mca_geoname_2026_snapshot,370000,山东省,371400,德州市,prefecture,pending_verify,cost_info.shandong.371400.pending,德州市信息价来源待核验,待核验,city,,,unknown,UNKNOWN,,,unspecified,monthly,,,全国来源矩阵占位：目标区划已纳入台账，官方信息价入口待核验，不进入自动抓取队列,accepted
mca_geoname_2026_snapshot,370000,山东省,371500,聊城市,prefecture,pending_verify,cost_info.shandong.371500.pending,聊城市信息价来源待核验,待核验,city,,,unknown,UNKNOWN,,,unspecified,monthly,,,全国来源矩阵占位：目标区划已纳入台账，官方信息价入口待核验，不进入自动抓取队列,accepted
mca_geoname_2026_snapshot,370000,山东省,371600,滨州市,prefecture,pending_verify,cost_info.shandong.371600.pending,滨州市信息价来源待核验,待核验,city,,,unknown,UNKNOWN,,,unspecified,monthly,,,全国来源矩阵占位：目标区划已纳入台账，官方信息价入口待核验，不进入自动抓取队列,accepted
mca_geoname_2026_snapshot,370000,山东省,371700,菏泽市,prefecture,pending_verify,cost_info.shandong.371700.pending,菏泽市信息价来源待核验,待核验,city,,,unknown,UNKNOWN,,,unspecified,monthly,,,全国来源矩阵占位：目标区划已纳入台账，官方信息价入口待核验，不进入自动抓取队列,accepted
mca_geoname_2026_snapshot,410000,河南省,410100,郑州市,prefecture,pending_verify,cost_info.henan.410100.pending,郑州市信息价来源待核验,待核验,city,,,unknown,UNKNOWN,,,unspecified,monthly,,,全国来源矩阵占位：目标区划已纳入台账，官方信息价入口待核验，不进入自动抓取队列,accepted
mca_geoname_2026_snapshot,410000,河南省,410200,开封市,prefecture,pending_verify,cost_info.henan.410200.pending,开封市信息价来源待核验,待核验,city,,,unknown,UNKNOWN,,,unspecified,monthly,,,全国来源矩阵占位：目标区划已纳入台账，官方信息价入口待核验，不进入自动抓取队列,accepted
mca_geoname_2026_snapshot,410000,河南省,410300,洛阳市,prefecture,pending_verify,cost_info.henan.410300.pending,洛阳市信息价来源待核验,待核验,city,,,unknown,UNKNOWN,,,unspecified,monthly,,,全国来源矩阵占位：目标区划已纳入台账，官方信息价入口待核验，不进入自动抓取队列,accepted
mca_geoname_2026_snapshot,410000,河南省,410400,平顶山市,prefecture,pending_verify,cost_info.henan.410400.pending,平顶山市信息价来源待核验,待核验,city,,,unknown,UNKNOWN,,,unspecified,monthly,,,全国来源矩阵占位：目标区划已纳入台账，官方信息价入口待核验，不进入自动抓取队列,accepted
mca_geoname_2026_snapshot,410000,河南省,410500,安阳市,prefecture,pending_verify,cost_info.henan.410500.pending,安阳市信息价来源待核验,待核验,city,,,unknown,UNKNOWN,,,unspecified,monthly,,,全国来源矩阵占位：目标区划已纳入台账，官方信息价入口待核验，不进入自动抓取队列,accepted
mca_geoname_2026_snapshot,410000,河南省,410600,鹤壁市,prefecture,pending_verify,cost_info.henan.410600.pending,鹤壁市信息价来源待核验,待核验,city,,,unknown,UNKNOWN,,,unspecified,monthly,,,全国来源矩阵占位：目标区划已纳入台账，官方信息价入口待核验，不进入自动抓取队列,accepted
mca_geoname_2026_snapshot,410000,河南省,410700,新乡市,prefecture,pending_verify,cost_info.henan.410700.pending,新乡市信息价来源待核验,待核验,city,,,unknown,UNKNOWN,,,unspecified,monthly,,,全国来源矩阵占位：目标区划已纳入台账，官方信息价入口待核验，不进入自动抓取队列,accepted
mca_geoname_2026_snapshot,410000,河南省,410800,焦作市,prefecture,pending_verify,cost_info.henan.410800.pending,焦作市信息价来源待核验,待核验,city,,,unknown,UNKNOWN,,,unspecified,monthly,,,全国来源矩阵占位：目标区划已纳入台账，官方信息价入口待核验，不进入自动抓取队列,accepted
mca_geoname_2026_snapshot,410000,河南省,410900,濮阳市,prefecture,pending_verify,cost_info.henan.410900.pending,濮阳市信息价来源待核验,待核验,city,,,unknown,UNKNOWN,,,unspecified,monthly,,,全国来源矩阵占位：目标区划已纳入台账，官方信息价入口待核验，不进入自动抓取队列,accepted
mca_geoname_2026_snapshot,410000,河南省,411000,许昌市,prefecture,pending_verify,cost_info.henan.411000.pending,许昌市信息价来源待核验,待核验,city,,,unknown,UNKNOWN,,,unspecified,monthly,,,全国来源矩阵占位：目标区划已纳入台账，官方信息价入口待核验，不进入自动抓取队列,accepted
mca_geoname_2026_snapshot,410000,河南省,411100,漯河市,prefecture,pending_verify,cost_info.henan.411100.pending,漯河市信息价来源待核验,待核验,city,,,unknown,UNKNOWN,,,unspecified,monthly,,,全国来源矩阵占位：目标区划已纳入台账，官方信息价入口待核验，不进入自动抓取队列,accepted
mca_geoname_2026_snapshot,410000,河南省,411200,三门峡市,prefecture,pending_verify,cost_info.henan.411200.pending,三门峡市信息价来源待核验,待核验,city,,,unknown,UNKNOWN,,,unspecified,monthly,,,全国来源矩阵占位：目标区划已纳入台账，官方信息价入口待核验，不进入自动抓取队列,accepted
mca_geoname_2026_snapshot,410000,河南省,411300,南阳市,prefecture,pending_verify,cost_info.henan.411300.pending,南阳市信息价来源待核验,待核验,city,,,unknown,UNKNOWN,,,unspecified,monthly,,,全国来源矩阵占位：目标区划已纳入台账，官方信息价入口待核验，不进入自动抓取队列,accepted
mca_geoname_2026_snapshot,410000,河南省,411400,商丘市,prefecture,pending_verify,cost_info.henan.411400.pending,商丘市信息价来源待核验,待核验,city,,,unknown,UNKNOWN,,,unspecified,monthly,,,全国来源矩阵占位：目标区划已纳入台账，官方信息价入口待核验，不进入自动抓取队列,accepted
mca_geoname_2026_snapshot,410000,河南省,411500,信阳市,prefecture,pending_verify,cost_info.henan.411500.pending,信阳市信息价来源待核验,待核验,city,,,unknown,UNKNOWN,,,unspecified,monthly,,,全国来源矩阵占位：目标区划已纳入台账，官方信息价入口待核验，不进入自动抓取队列,accepted
mca_geoname_2026_snapshot,410000,河南省,411600,周口市,prefecture,pending_verify,cost_info.henan.411600.pending,周口市信息价来源待核验,待核验,city,,,unknown,UNKNOWN,,,unspecified,monthly,,,全国来源矩阵占位：目标区划已纳入台账，官方信息价入口待核验，不进入自动抓取队列,accepted
mca_geoname_2026_snapshot,410000,河南省,411700,驻马店市,prefecture,pending_verify,cost_info.henan.411700.pending,驻马店市信息价来源待核验,待核验,city,,,unknown,UNKNOWN,,,unspecified,monthly,,,全国来源矩阵占位：目标区划已纳入台账，官方信息价入口待核验，不进入自动抓取队列,accepted
mca_geoname_2026_snapshot,420000,湖北省,420100,武汉市,prefecture,pending_verify,cost_info.hubei.420100.pending,武汉市信息价来源待核验,待核验,city,,,unknown,UNKNOWN,,,unspecified,monthly,,,全国来源矩阵占位：目标区划已纳入台账，官方信息价入口待核验，不进入自动抓取队列,accepted
mca_geoname_2026_snapshot,420000,湖北省,420200,黄石市,prefecture,pending_verify,cost_info.hubei.420200.pending,黄石市信息价来源待核验,待核验,city,,,unknown,UNKNOWN,,,unspecified,monthly,,,全国来源矩阵占位：目标区划已纳入台账，官方信息价入口待核验，不进入自动抓取队列,accepted
mca_geoname_2026_snapshot,420000,湖北省,420300,十堰市,prefecture,pending_verify,cost_info.hubei.420300.pending,十堰市信息价来源待核验,待核验,city,,,unknown,UNKNOWN,,,unspecified,monthly,,,全国来源矩阵占位：目标区划已纳入台账，官方信息价入口待核验，不进入自动抓取队列,accepted
mca_geoname_2026_snapshot,420000,湖北省,420500,宜昌市,prefecture,pending_verify,cost_info.hubei.420500.pending,宜昌市信息价来源待核验,待核验,city,,,unknown,UNKNOWN,,,unspecified,monthly,,,全国来源矩阵占位：目标区划已纳入台账，官方信息价入口待核验，不进入自动抓取队列,accepted
mca_geoname_2026_snapshot,420000,湖北省,420600,襄阳市,prefecture,pending_verify,cost_info.hubei.420600.pending,襄阳市信息价来源待核验,待核验,city,,,unknown,UNKNOWN,,,unspecified,monthly,,,全国来源矩阵占位：目标区划已纳入台账，官方信息价入口待核验，不进入自动抓取队列,accepted
mca_geoname_2026_snapshot,420000,湖北省,420700,鄂州市,prefecture,pending_verify,cost_info.hubei.420700.pending,鄂州市信息价来源待核验,待核验,city,,,unknown,UNKNOWN,,,unspecified,monthly,,,全国来源矩阵占位：目标区划已纳入台账，官方信息价入口待核验，不进入自动抓取队列,accepted
mca_geoname_2026_snapshot,420000,湖北省,420800,荆门市,prefecture,pending_verify,cost_info.hubei.420800.pending,荆门市信息价来源待核验,待核验,city,,,unknown,UNKNOWN,,,unspecified,monthly,,,全国来源矩阵占位：目标区划已纳入台账，官方信息价入口待核验，不进入自动抓取队列,accepted
mca_geoname_2026_snapshot,420000,湖北省,420900,孝感市,prefecture,pending_verify,cost_info.hubei.420900.pending,孝感市信息价来源待核验,待核验,city,,,unknown,UNKNOWN,,,unspecified,monthly,,,全国来源矩阵占位：目标区划已纳入台账，官方信息价入口待核验，不进入自动抓取队列,accepted
mca_geoname_2026_snapshot,420000,湖北省,421000,荆州市,prefecture,pending_verify,cost_info.hubei.421000.pending,荆州市信息价来源待核验,待核验,city,,,unknown,UNKNOWN,,,unspecified,monthly,,,全国来源矩阵占位：目标区划已纳入台账，官方信息价入口待核验，不进入自动抓取队列,accepted
mca_geoname_2026_snapshot,420000,湖北省,421100,黄冈市,prefecture,pending_verify,cost_info.hubei.421100.pending,黄冈市信息价来源待核验,待核验,city,,,unknown,UNKNOWN,,,unspecified,monthly,,,全国来源矩阵占位：目标区划已纳入台账，官方信息价入口待核验，不进入自动抓取队列,accepted
mca_geoname_2026_snapshot,420000,湖北省,421200,咸宁市,prefecture,pending_verify,cost_info.hubei.421200.pending,咸宁市信息价来源待核验,待核验,city,,,unknown,UNKNOWN,,,unspecified,monthly,,,全国来源矩阵占位：目标区划已纳入台账，官方信息价入口待核验，不进入自动抓取队列,accepted
mca_geoname_2026_snapshot,420000,湖北省,421300,随州市,prefecture,pending_verify,cost_info.hubei.421300.pending,随州市信息价来源待核验,待核验,city,,,unknown,UNKNOWN,,,unspecified,monthly,,,全国来源矩阵占位：目标区划已纳入台账，官方信息价入口待核验，不进入自动抓取队列,accepted
mca_geoname_2026_snapshot,420000,湖北省,422800,恩施土家族苗族自治州,prefecture,pending_verify,cost_info.hubei.422800.pending,恩施土家族苗族自治州信息价来源待核验,待核验,city,,,unknown,UNKNOWN,,,unspecified,monthly,,,全国来源矩阵占位：目标区划已纳入台账，官方信息价入口待核验，不进入自动抓取队列,accepted
mca_geoname_2026_snapshot,430000,湖南省,430100,长沙市,prefecture,pending_verify,cost_info.hunan.430100.pending,长沙市信息价来源待核验,待核验,city,,,unknown,UNKNOWN,,,unspecified,monthly,,,全国来源矩阵占位：目标区划已纳入台账，官方信息价入口待核验，不进入自动抓取队列,accepted
mca_geoname_2026_snapshot,430000,湖南省,430200,株洲市,prefecture,pending_verify,cost_info.hunan.430200.pending,株洲市信息价来源待核验,待核验,city,,,unknown,UNKNOWN,,,unspecified,monthly,,,全国来源矩阵占位：目标区划已纳入台账，官方信息价入口待核验，不进入自动抓取队列,accepted
mca_geoname_2026_snapshot,430000,湖南省,430300,湘潭市,prefecture,pending_verify,cost_info.hunan.430300.pending,湘潭市信息价来源待核验,待核验,city,,,unknown,UNKNOWN,,,unspecified,monthly,,,全国来源矩阵占位：目标区划已纳入台账，官方信息价入口待核验，不进入自动抓取队列,accepted
mca_geoname_2026_snapshot,430000,湖南省,430400,衡阳市,prefecture,pending_verify,cost_info.hunan.430400.pending,衡阳市信息价来源待核验,待核验,city,,,unknown,UNKNOWN,,,unspecified,monthly,,,全国来源矩阵占位：目标区划已纳入台账，官方信息价入口待核验，不进入自动抓取队列,accepted
mca_geoname_2026_snapshot,430000,湖南省,430500,邵阳市,prefecture,pending_verify,cost_info.hunan.430500.pending,邵阳市信息价来源待核验,待核验,city,,,unknown,UNKNOWN,,,unspecified,monthly,,,全国来源矩阵占位：目标区划已纳入台账，官方信息价入口待核验，不进入自动抓取队列,accepted
mca_geoname_2026_snapshot,430000,湖南省,430600,岳阳市,prefecture,pending_verify,cost_info.hunan.430600.pending,岳阳市信息价来源待核验,待核验,city,,,unknown,UNKNOWN,,,unspecified,monthly,,,全国来源矩阵占位：目标区划已纳入台账，官方信息价入口待核验，不进入自动抓取队列,accepted
mca_geoname_2026_snapshot,430000,湖南省,430700,常德市,prefecture,pending_verify,cost_info.hunan.430700.pending,常德市信息价来源待核验,待核验,city,,,unknown,UNKNOWN,,,unspecified,monthly,,,全国来源矩阵占位：目标区划已纳入台账，官方信息价入口待核验，不进入自动抓取队列,accepted
mca_geoname_2026_snapshot,430000,湖南省,430800,张家界市,prefecture,pending_verify,cost_info.hunan.430800.pending,张家界市信息价来源待核验,待核验,city,,,unknown,UNKNOWN,,,unspecified,monthly,,,全国来源矩阵占位：目标区划已纳入台账，官方信息价入口待核验，不进入自动抓取队列,accepted
mca_geoname_2026_snapshot,430000,湖南省,430900,益阳市,prefecture,pending_verify,cost_info.hunan.430900.pending,益阳市信息价来源待核验,待核验,city,,,unknown,UNKNOWN,,,unspecified,monthly,,,全国来源矩阵占位：目标区划已纳入台账，官方信息价入口待核验，不进入自动抓取队列,accepted
mca_geoname_2026_snapshot,430000,湖南省,431000,郴州市,prefecture,pending_verify,cost_info.hunan.431000.pending,郴州市信息价来源待核验,待核验,city,,,unknown,UNKNOWN,,,unspecified,monthly,,,全国来源矩阵占位：目标区划已纳入台账，官方信息价入口待核验，不进入自动抓取队列,accepted
mca_geoname_2026_snapshot,430000,湖南省,431100,永州市,prefecture,pending_verify,cost_info.hunan.431100.pending,永州市信息价来源待核验,待核验,city,,,unknown,UNKNOWN,,,unspecified,monthly,,,全国来源矩阵占位：目标区划已纳入台账，官方信息价入口待核验，不进入自动抓取队列,accepted
mca_geoname_2026_snapshot,430000,湖南省,431200,怀化市,prefecture,pending_verify,cost_info.hunan.431200.pending,怀化市信息价来源待核验,待核验,city,,,unknown,UNKNOWN,,,unspecified,monthly,,,全国来源矩阵占位：目标区划已纳入台账，官方信息价入口待核验，不进入自动抓取队列,accepted
mca_geoname_2026_snapshot,430000,湖南省,431300,娄底市,prefecture,pending_verify,cost_info.hunan.431300.pending,娄底市信息价来源待核验,待核验,city,,,unknown,UNKNOWN,,,unspecified,monthly,,,全国来源矩阵占位：目标区划已纳入台账，官方信息价入口待核验，不进入自动抓取队列,accepted
mca_geoname_2026_snapshot,430000,湖南省,433100,湘西土家族苗族自治州,prefecture,pending_verify,cost_info.hunan.433100.pending,湘西土家族苗族自治州信息价来源待核验,待核验,city,,,unknown,UNKNOWN,,,unspecified,monthly,,,全国来源矩阵占位：目标区划已纳入台账，官方信息价入口待核验，不进入自动抓取队列,accepted
mca_geoname_2026_snapshot,440000,广东省,440100,广州市,prefecture,pending_verify,cost_info.guangdong.440100.pending,广州市信息价来源待核验,待核验,city,,,unknown,UNKNOWN,,,unspecified,monthly,,,全国来源矩阵占位：目标区划已纳入台账，官方信息价入口待核验，不进入自动抓取队列,accepted
mca_geoname_2026_snapshot,440000,广东省,440200,韶关市,prefecture,pending_verify,cost_info.guangdong.440200.pending,韶关市信息价来源待核验,待核验,city,,,unknown,UNKNOWN,,,unspecified,monthly,,,全国来源矩阵占位：目标区划已纳入台账，官方信息价入口待核验，不进入自动抓取队列,accepted
mca_geoname_2026_snapshot,440000,广东省,440300,深圳市,prefecture,pending_verify,cost_info.guangdong.440300.pending,深圳市信息价来源待核验,待核验,city,,,unknown,UNKNOWN,,,unspecified,monthly,,,全国来源矩阵占位：目标区划已纳入台账，官方信息价入口待核验，不进入自动抓取队列,accepted
mca_geoname_2026_snapshot,440000,广东省,440400,珠海市,prefecture,pending_verify,cost_info.guangdong.440400.pending,珠海市信息价来源待核验,待核验,city,,,unknown,UNKNOWN,,,unspecified,monthly,,,全国来源矩阵占位：目标区划已纳入台账，官方信息价入口待核验，不进入自动抓取队列,accepted
mca_geoname_2026_snapshot,440000,广东省,440500,汕头市,prefecture,pending_verify,cost_info.guangdong.440500.pending,汕头市信息价来源待核验,待核验,city,,,unknown,UNKNOWN,,,unspecified,monthly,,,全国来源矩阵占位：目标区划已纳入台账，官方信息价入口待核验，不进入自动抓取队列,accepted
mca_geoname_2026_snapshot,440000,广东省,440600,佛山市,prefecture,pending_verify,cost_info.guangdong.440600.pending,佛山市信息价来源待核验,待核验,city,,,unknown,UNKNOWN,,,unspecified,monthly,,,全国来源矩阵占位：目标区划已纳入台账，官方信息价入口待核验，不进入自动抓取队列,accepted
mca_geoname_2026_snapshot,440000,广东省,440700,江门市,prefecture,pending_verify,cost_info.guangdong.440700.pending,江门市信息价来源待核验,待核验,city,,,unknown,UNKNOWN,,,unspecified,monthly,,,全国来源矩阵占位：目标区划已纳入台账，官方信息价入口待核验，不进入自动抓取队列,accepted
mca_geoname_2026_snapshot,440000,广东省,440800,湛江市,prefecture,pending_verify,cost_info.guangdong.440800.pending,湛江市信息价来源待核验,待核验,city,,,unknown,UNKNOWN,,,unspecified,monthly,,,全国来源矩阵占位：目标区划已纳入台账，官方信息价入口待核验，不进入自动抓取队列,accepted
mca_geoname_2026_snapshot,440000,广东省,440900,茂名市,prefecture,pending_verify,cost_info.guangdong.440900.pending,茂名市信息价来源待核验,待核验,city,,,unknown,UNKNOWN,,,unspecified,monthly,,,全国来源矩阵占位：目标区划已纳入台账，官方信息价入口待核验，不进入自动抓取队列,accepted
mca_geoname_2026_snapshot,440000,广东省,441200,肇庆市,prefecture,pending_verify,cost_info.guangdong.441200.pending,肇庆市信息价来源待核验,待核验,city,,,unknown,UNKNOWN,,,unspecified,monthly,,,全国来源矩阵占位：目标区划已纳入台账，官方信息价入口待核验，不进入自动抓取队列,accepted
mca_geoname_2026_snapshot,440000,广东省,441300,惠州市,prefecture,pending_verify,cost_info.guangdong.441300.pending,惠州市信息价来源待核验,待核验,city,,,unknown,UNKNOWN,,,unspecified,monthly,,,全国来源矩阵占位：目标区划已纳入台账，官方信息价入口待核验，不进入自动抓取队列,accepted
mca_geoname_2026_snapshot,440000,广东省,441400,梅州市,prefecture,pending_verify,cost_info.guangdong.441400.pending,梅州市信息价来源待核验,待核验,city,,,unknown,UNKNOWN,,,unspecified,monthly,,,全国来源矩阵占位：目标区划已纳入台账，官方信息价入口待核验，不进入自动抓取队列,accepted
mca_geoname_2026_snapshot,440000,广东省,441500,汕尾市,prefecture,pending_verify,cost_info.guangdong.441500.pending,汕尾市信息价来源待核验,待核验,city,,,unknown,UNKNOWN,,,unspecified,monthly,,,全国来源矩阵占位：目标区划已纳入台账，官方信息价入口待核验，不进入自动抓取队列,accepted
mca_geoname_2026_snapshot,440000,广东省,441600,河源市,prefecture,pending_verify,cost_info.guangdong.441600.pending,河源市信息价来源待核验,待核验,city,,,unknown,UNKNOWN,,,unspecified,monthly,,,全国来源矩阵占位：目标区划已纳入台账，官方信息价入口待核验，不进入自动抓取队列,accepted
mca_geoname_2026_snapshot,440000,广东省,441700,阳江市,prefecture,pending_verify,cost_info.guangdong.441700.pending,阳江市信息价来源待核验,待核验,city,,,unknown,UNKNOWN,,,unspecified,monthly,,,全国来源矩阵占位：目标区划已纳入台账，官方信息价入口待核验，不进入自动抓取队列,accepted
mca_geoname_2026_snapshot,440000,广东省,441800,清远市,prefecture,pending_verify,cost_info.guangdong.441800.pending,清远市信息价来源待核验,待核验,city,,,unknown,UNKNOWN,,,unspecified,monthly,,,全国来源矩阵占位：目标区划已纳入台账，官方信息价入口待核验，不进入自动抓取队列,accepted
mca_geoname_2026_snapshot,440000,广东省,441900,东莞市,prefecture,pending_verify,cost_info.guangdong.441900.pending,东莞市信息价来源待核验,待核验,city,,,unknown,UNKNOWN,,,unspecified,monthly,,,全国来源矩阵占位：目标区划已纳入台账，官方信息价入口待核验，不进入自动抓取队列,accepted
mca_geoname_2026_snapshot,440000,广东省,442000,中山市,prefecture,pending_verify,cost_info.guangdong.442000.pending,中山市信息价来源待核验,待核验,city,,,unknown,UNKNOWN,,,unspecified,monthly,,,全国来源矩阵占位：目标区划已纳入台账，官方信息价入口待核验，不进入自动抓取队列,accepted
mca_geoname_2026_snapshot,440000,广东省,445100,潮州市,prefecture,pending_verify,cost_info.guangdong.445100.pending,潮州市信息价来源待核验,待核验,city,,,unknown,UNKNOWN,,,unspecified,monthly,,,全国来源矩阵占位：目标区划已纳入台账，官方信息价入口待核验，不进入自动抓取队列,accepted
mca_geoname_2026_snapshot,440000,广东省,445200,揭阳市,prefecture,pending_verify,cost_info.guangdong.445200.pending,揭阳市信息价来源待核验,待核验,city,,,unknown,UNKNOWN,,,unspecified,monthly,,,全国来源矩阵占位：目标区划已纳入台账，官方信息价入口待核验，不进入自动抓取队列,accepted
mca_geoname_2026_snapshot,440000,广东省,445300,云浮市,prefecture,pending_verify,cost_info.guangdong.445300.pending,云浮市信息价来源待核验,待核验,city,,,unknown,UNKNOWN,,,unspecified,monthly,,,全国来源矩阵占位：目标区划已纳入台账，官方信息价入口待核验，不进入自动抓取队列,accepted
mca_geoname_2026_snapshot,450000,广西壮族自治区,450100,南宁市,prefecture,pending_verify,cost_info.guangxi.450100.pending,南宁市信息价来源待核验,待核验,city,,,unknown,UNKNOWN,,,unspecified,monthly,,,全国来源矩阵占位：目标区划已纳入台账，官方信息价入口待核验，不进入自动抓取队列,accepted
mca_geoname_2026_snapshot,450000,广西壮族自治区,450200,柳州市,prefecture,pending_verify,cost_info.guangxi.450200.pending,柳州市信息价来源待核验,待核验,city,,,unknown,UNKNOWN,,,unspecified,monthly,,,全国来源矩阵占位：目标区划已纳入台账，官方信息价入口待核验，不进入自动抓取队列,accepted
mca_geoname_2026_snapshot,450000,广西壮族自治区,450300,桂林市,prefecture,pending_verify,cost_info.guangxi.450300.pending,桂林市信息价来源待核验,待核验,city,,,unknown,UNKNOWN,,,unspecified,monthly,,,全国来源矩阵占位：目标区划已纳入台账，官方信息价入口待核验，不进入自动抓取队列,accepted
mca_geoname_2026_snapshot,450000,广西壮族自治区,450400,梧州市,prefecture,pending_verify,cost_info.guangxi.450400.pending,梧州市信息价来源待核验,待核验,city,,,unknown,UNKNOWN,,,unspecified,monthly,,,全国来源矩阵占位：目标区划已纳入台账，官方信息价入口待核验，不进入自动抓取队列,accepted
mca_geoname_2026_snapshot,450000,广西壮族自治区,450500,北海市,prefecture,pending_verify,cost_info.guangxi.450500.pending,北海市信息价来源待核验,待核验,city,,,unknown,UNKNOWN,,,unspecified,monthly,,,全国来源矩阵占位：目标区划已纳入台账，官方信息价入口待核验，不进入自动抓取队列,accepted
mca_geoname_2026_snapshot,450000,广西壮族自治区,450600,防城港市,prefecture,pending_verify,cost_info.guangxi.450600.pending,防城港市信息价来源待核验,待核验,city,,,unknown,UNKNOWN,,,unspecified,monthly,,,全国来源矩阵占位：目标区划已纳入台账，官方信息价入口待核验，不进入自动抓取队列,accepted
mca_geoname_2026_snapshot,450000,广西壮族自治区,450700,钦州市,prefecture,pending_verify,cost_info.guangxi.450700.pending,钦州市信息价来源待核验,待核验,city,,,unknown,UNKNOWN,,,unspecified,monthly,,,全国来源矩阵占位：目标区划已纳入台账，官方信息价入口待核验，不进入自动抓取队列,accepted
mca_geoname_2026_snapshot,450000,广西壮族自治区,450800,贵港市,prefecture,pending_verify,cost_info.guangxi.450800.pending,贵港市信息价来源待核验,待核验,city,,,unknown,UNKNOWN,,,unspecified,monthly,,,全国来源矩阵占位：目标区划已纳入台账，官方信息价入口待核验，不进入自动抓取队列,accepted
mca_geoname_2026_snapshot,450000,广西壮族自治区,450900,玉林市,prefecture,pending_verify,cost_info.guangxi.450900.pending,玉林市信息价来源待核验,待核验,city,,,unknown,UNKNOWN,,,unspecified,monthly,,,全国来源矩阵占位：目标区划已纳入台账，官方信息价入口待核验，不进入自动抓取队列,accepted
mca_geoname_2026_snapshot,450000,广西壮族自治区,451000,百色市,prefecture,pending_verify,cost_info.guangxi.451000.pending,百色市信息价来源待核验,待核验,city,,,unknown,UNKNOWN,,,unspecified,monthly,,,全国来源矩阵占位：目标区划已纳入台账，官方信息价入口待核验，不进入自动抓取队列,accepted
mca_geoname_2026_snapshot,450000,广西壮族自治区,451100,贺州市,prefecture,pending_verify,cost_info.guangxi.451100.pending,贺州市信息价来源待核验,待核验,city,,,unknown,UNKNOWN,,,unspecified,monthly,,,全国来源矩阵占位：目标区划已纳入台账，官方信息价入口待核验，不进入自动抓取队列,accepted
mca_geoname_2026_snapshot,450000,广西壮族自治区,451200,河池市,prefecture,pending_verify,cost_info.guangxi.451200.pending,河池市信息价来源待核验,待核验,city,,,unknown,UNKNOWN,,,unspecified,monthly,,,全国来源矩阵占位：目标区划已纳入台账，官方信息价入口待核验，不进入自动抓取队列,accepted
mca_geoname_2026_snapshot,450000,广西壮族自治区,451300,来宾市,prefecture,pending_verify,cost_info.guangxi.451300.pending,来宾市信息价来源待核验,待核验,city,,,unknown,UNKNOWN,,,unspecified,monthly,,,全国来源矩阵占位：目标区划已纳入台账，官方信息价入口待核验，不进入自动抓取队列,accepted
mca_geoname_2026_snapshot,450000,广西壮族自治区,451400,崇左市,prefecture,pending_verify,cost_info.guangxi.451400.pending,崇左市信息价来源待核验,待核验,city,,,unknown,UNKNOWN,,,unspecified,monthly,,,全国来源矩阵占位：目标区划已纳入台账，官方信息价入口待核验，不进入自动抓取队列,accepted
mca_geoname_2026_snapshot,460000,海南省,460100,海口市,prefecture,pending_verify,cost_info.hainan.460100.pending,海口市信息价来源待核验,待核验,city,,,unknown,UNKNOWN,,,unspecified,monthly,,,全国来源矩阵占位：目标区划已纳入台账，官方信息价入口待核验，不进入自动抓取队列,accepted
mca_geoname_2026_snapshot,460000,海南省,460200,三亚市,prefecture,pending_verify,cost_info.hainan.460200.pending,三亚市信息价来源待核验,待核验,city,,,unknown,UNKNOWN,,,unspecified,monthly,,,全国来源矩阵占位：目标区划已纳入台账，官方信息价入口待核验，不进入自动抓取队列,accepted
mca_geoname_2026_snapshot,460000,海南省,460300,三沙市,prefecture,pending_verify,cost_info.hainan.460300.pending,三沙市信息价来源待核验,待核验,city,,,unknown,UNKNOWN,,,unspecified,monthly,,,全国来源矩阵占位：目标区划已纳入台账，官方信息价入口待核验，不进入自动抓取队列,accepted
mca_geoname_2026_snapshot,460000,海南省,460400,儋州市,prefecture,pending_verify,cost_info.hainan.460400.pending,儋州市信息价来源待核验,待核验,city,,,unknown,UNKNOWN,,,unspecified,monthly,,,全国来源矩阵占位：目标区划已纳入台账，官方信息价入口待核验，不进入自动抓取队列,accepted
mca_geoname_2026_snapshot,500000,重庆市,500000,重庆市,municipality,auto_crawl_ready,cost_info.cq.cqsgczjxx,重庆市建设工程造价信息,重庆市建设工程造价管理总站,municipality,https://www.cqsgczjxx.org.cn/,https://www.cqsgczjxx.org.cn/,pdf_only,DIRECT_PDF,chongqing_pdf,li,guidance,monthly,,,已接入重庆 PDF 来源配置,accepted
mca_geoname_2026_snapshot,510000,四川省,510100,成都市,prefecture,source_blocked,cost_info.sc.chengdu.manual,成都市信息价人工补录,成都市造价站,city,https://zfcj.chengdu.gov.cn/,https://zfcj.chengdu.gov.cn/,unknown,MANUAL_ONLY,,manual,unspecified,monthly,公开下载入口受限,017/manual_upload,成都官方信息价公开下载受限，走人工上传通道。,accepted
mca_geoname_2026_snapshot,510000,四川省,510300,自贡市,prefecture,auto_crawl_ready,cost_info.sc.zigong,自贡市材料价格信息,自贡市人民政府,city,https://www.zg.gov.cn/zgsrmzf/c00145/pc/list.html,https://www.zg.gov.cn/zgsrmzf/c00145/pc/list.html,zip_package,DIRECT_WEB,,legacy_runner:zigong_zip,guidance,monthly,,,自贡政府栏目存在公开 zip/rar 附件；已有自贡 crawler 函数，暂未接入统一 adapter registry。,accepted
mca_geoname_2026_snapshot,510000,四川省,510400,攀枝花市,prefecture,auto_crawl_ready,cost_info.sc.panzhihua,攀枝花市工程造价信息,攀枝花市住房和城乡建设局,city,http://zjj.panzhihua.gov.cn/ztzl/gczjxx/,http://zjj.panzhihua.gov.cn/ztzl/gczjxx/,pdf_only,DIRECT_WEB,sichuan_pdf,li,guidance,monthly,,,攀枝花住建局工程造价信息栏目存在公开 PDF 附件；已纳入四川 PDF adapter。,accepted
mca_geoname_2026_snapshot,510000,四川省,510500,泸州市,prefecture,auto_crawl_ready,cost_info.sc.luzhou,泸州市工程造价信息,泸州市住房和城乡建设局,city,https://zjj.luzhou.gov.cn/hyfw/gczjxx/,https://zjj.luzhou.gov.cn/hyfw/gczjxx/,mixed_file_attachment,DIRECT_WEB,sichuan_pdf,li,guidance,monthly,,,泸州住建局工程造价信息栏目已有混合附件 crawler；当前入口可能返回 WAF，启用前需复核。,accepted
mca_geoname_2026_snapshot,510000,四川省,510600,德阳市,prefecture,auto_crawl_ready,cost_info.sc.deyang,德阳市建筑材料市场价格信息,德阳市人民政府,city,https://www.deyang.gov.cn/info/iList.jsp?node_id=GKdyszf&cat_id=25723,https://www.deyang.gov.cn/info/iList.jsp?node_id=GKdyszf&cat_id=25723,pdf_only,DIRECT_WEB,sichuan_pdf,li,guidance,monthly,,,德阳政府公示公告栏目可见建筑材料市场价格信息 PDF 附件；已纳入四川 PDF adapter。,accepted
mca_geoname_2026_snapshot,510000,四川省,510700,绵阳市,prefecture,auto_crawl_ready,cost_info.sc.mianyang,绵阳市建设工程材料价格信息,绵阳市住房和城乡建设委员会,city,https://zjw.my.gov.cn/myszjj/c101133/list.shtml,https://zjw.my.gov.cn/myszjj/c101133/list.shtml,excel_only,DIRECT_WEB,,legacy_runner:mianyang_xls,guidance,monthly,,,绵阳住建委栏目存在公开 xls 附件；已有绵阳 crawler 函数，暂未接入统一 adapter registry。,accepted
mca_geoname_2026_snapshot,510000,四川省,510800,广元市,prefecture,source_blocked,cost_info.sc.guangyuan.manual,广元市信息价人工补录,广元市住房和城乡建设局,city,https://jsj.cngy.gov.cn/Email/Detail/38021e03-c7d8-44aa-b91a-bcacbfbd8415.html,https://jsj.cngy.gov.cn/Email/Detail/38021e03-c7d8-44aa-b91a-bcacbfbd8415.html,unknown,MANUAL_ONLY,,manual,unspecified,monthly,公开下载入口受限,017/manual_upload,广元官方答复显示可通过省系统或纸质版查询；未发现稳定公开文件栏目。,accepted
mca_geoname_2026_snapshot,510000,四川省,510900,遂宁市,prefecture,auto_crawl_ready,cost_info.sc.suining,遂宁市建材价格信息,遂宁市住房和城乡建设局,city,https://snjsj.suining.gov.cn/xinwen/list/58b7d65c2700de24f4d639bdf982a0b1.html,https://snjsj.suining.gov.cn/xinwen/list/58b7d65c2700de24f4d639bdf982a0b1.html,pdf_only,DIRECT_WEB,sichuan_pdf,li,guidance,monthly,,,遂宁住建局建材价格栏目存在公开 PDF 附件；已纳入四川 PDF adapter。,accepted
mca_geoname_2026_snapshot,510000,四川省,511000,内江市,prefecture,coverage_declaration,cost_info.sc.511000.province_coverage,四川省工程造价信息网-内江市覆盖声明,四川省建设工程造价总站,province,http://202.61.90.35:8032/pubpages/pricelist.aspx,http://202.61.90.35:8032/pubpages/pricelist.aspx,html_table,PROVINCE_UNIFIED,,coverage_directory,guidance,monthly,,,四川省工程造价信息网覆盖目录声明；Layer 0 只记录覆盖和原站跳转，不镜像价格表内容。,accepted
mca_geoname_2026_snapshot,510000,四川省,511100,乐山市,prefecture,auto_crawl_ready,cost_info.sc.leshan,乐山市建筑材料市场信息价,乐山市住房和城乡建设局,city,https://www.leshan.gov.cn/lsswszf/lssjzclscxxj/92337845/index.html,https://www.leshan.gov.cn/lsswszf/lssjzclscxxj/92337845/index.html,pdf_only,DIRECT_WEB,sichuan_pdf,li,guidance,monthly,,,乐山市建筑材料市场信息价栏目存在公开 PDF 附件；已纳入四川 PDF adapter。,accepted
mca_geoname_2026_snapshot,510000,四川省,511300,南充市,prefecture,coverage_declaration,cost_info.sc.511300.province_coverage,四川省工程造价信息网-南充市覆盖声明,四川省建设工程造价总站,province,http://202.61.90.35:8032/pubpages/pricelist.aspx,http://202.61.90.35:8032/pubpages/pricelist.aspx,html_table,PROVINCE_UNIFIED,,coverage_directory,guidance,monthly,,,四川省工程造价信息网覆盖目录声明；Layer 0 只记录覆盖和原站跳转，不镜像价格表内容。,accepted
mca_geoname_2026_snapshot,510000,四川省,511400,眉山市,prefecture,source_blocked,cost_info.sc.meishan.manual,眉山市信息价人工补录,眉山市住房和城乡建设局,city,https://www.ms.gov.cn/info/7200/1196100.htm,https://www.ms.gov.cn/info/7200/1196100.htm,unknown,MANUAL_ONLY,,manual,unspecified,monthly,公开下载入口受限,017/manual_upload,眉山官方材料显示造价信息通过公众号等渠道公布；未发现稳定公开下载栏目。,accepted
mca_geoname_2026_snapshot,510000,四川省,511500,宜宾市,prefecture,coverage_declaration,cost_info.sc.511500.province_coverage,四川省工程造价信息网-宜宾市覆盖声明,四川省建设工程造价总站,province,http://202.61.90.35:8032/pubpages/pricelist.aspx,http://202.61.90.35:8032/pubpages/pricelist.aspx,html_table,PROVINCE_UNIFIED,,coverage_directory,guidance,monthly,,,四川省工程造价信息网覆盖目录声明；Layer 0 只记录覆盖和原站跳转，不镜像价格表内容。,accepted
mca_geoname_2026_snapshot,510000,四川省,511600,广安市,prefecture,coverage_declaration,cost_info.sc.511600.province_coverage,四川省工程造价信息网-广安市覆盖声明,四川省建设工程造价总站,province,http://202.61.90.35:8032/pubpages/pricelist.aspx,http://202.61.90.35:8032/pubpages/pricelist.aspx,html_table,PROVINCE_UNIFIED,,coverage_directory,guidance,monthly,,,四川省工程造价信息网覆盖目录声明；Layer 0 只记录覆盖和原站跳转，不镜像价格表内容。,accepted
mca_geoname_2026_snapshot,510000,四川省,511700,达州市,prefecture,auto_crawl_ready,cost_info.sc.dazhou,达州市造价信息,达州市住房和城乡建设局,city,http://zjj.dazhou.gov.cn/news-list-zaojiaxinxi.html,http://zjj.dazhou.gov.cn/news-list-zaojiaxinxi.html,pdf_only,DIRECT_WEB,sichuan_pdf,ajax_post_json,guidance,monthly,,,达州住建局造价信息栏目走 AJAX 列表，详情页 iframe 挂 PDF；已纳入四川 PDF adapter。,accepted
mca_geoname_2026_snapshot,510000,四川省,511800,雅安市,prefecture,source_blocked,cost_info.sc.yaan.manual,雅安市信息价人工补录,雅安市住房和城乡建设局,city,https://zfhcxjsj.yaan.gov.cn/xinwen/show/ec724c000da6951f4ff930656eae1b48.html,https://zfhcxjsj.yaan.gov.cn/xinwen/show/ec724c000da6951f4ff930656eae1b48.html,unknown,MANUAL_ONLY,,manual,unspecified,monthly,公开下载入口受限,017/manual_upload,雅安官方新闻证明材料价格信息发布事实存在；未找到稳定公开下载栏目。,accepted
mca_geoname_2026_snapshot,510000,四川省,511900,巴中市,prefecture,coverage_declaration,cost_info.sc.511900.province_coverage,四川省工程造价信息网-巴中市覆盖声明,四川省建设工程造价总站,province,http://202.61.90.35:8032/pubpages/pricelist.aspx,http://202.61.90.35:8032/pubpages/pricelist.aspx,html_table,PROVINCE_UNIFIED,,coverage_directory,guidance,monthly,,,四川省工程造价信息网覆盖目录声明；Layer 0 只记录覆盖和原站跳转，不镜像价格表内容。,accepted
mca_geoname_2026_snapshot,510000,四川省,512000,资阳市,prefecture,coverage_declaration,cost_info.sc.512000.province_coverage,四川省工程造价信息网-资阳市覆盖声明,四川省建设工程造价总站,province,http://202.61.90.35:8032/pubpages/pricelist.aspx,http://202.61.90.35:8032/pubpages/pricelist.aspx,html_table,PROVINCE_UNIFIED,,coverage_directory,guidance,monthly,,,四川省工程造价信息网覆盖目录声明；Layer 0 只记录覆盖和原站跳转，不镜像价格表内容。,accepted
mca_geoname_2026_snapshot,510000,四川省,513200,阿坝藏族羌族自治州,prefecture,coverage_declaration,cost_info.sc.513200.province_coverage,四川省工程造价信息网-阿坝藏族羌族自治州覆盖声明,四川省建设工程造价总站,province,http://202.61.90.35:8032/pubpages/pricelist.aspx,http://202.61.90.35:8032/pubpages/pricelist.aspx,html_table,PROVINCE_UNIFIED,,coverage_directory,guidance,monthly,,,四川省工程造价信息网覆盖目录声明；Layer 0 只记录覆盖和原站跳转，不镜像价格表内容。,accepted
mca_geoname_2026_snapshot,510000,四川省,513300,甘孜藏族自治州,prefecture,coverage_declaration,cost_info.sc.513300.province_coverage,四川省工程造价信息网-甘孜藏族自治州覆盖声明,四川省建设工程造价总站,province,http://202.61.90.35:8032/pubpages/pricelist.aspx,http://202.61.90.35:8032/pubpages/pricelist.aspx,html_table,PROVINCE_UNIFIED,,coverage_directory,guidance,monthly,,,四川省工程造价信息网覆盖目录声明；Layer 0 只记录覆盖和原站跳转，不镜像价格表内容。,accepted
mca_geoname_2026_snapshot,510000,四川省,513400,凉山彝族自治州,prefecture,coverage_declaration,cost_info.sc.513400.province_coverage,四川省工程造价信息网-凉山彝族自治州覆盖声明,四川省建设工程造价总站,province,http://202.61.90.35:8032/pubpages/pricelist.aspx,http://202.61.90.35:8032/pubpages/pricelist.aspx,html_table,PROVINCE_UNIFIED,,coverage_directory,guidance,monthly,,,四川省工程造价信息网覆盖目录声明；Layer 0 只记录覆盖和原站跳转，不镜像价格表内容。,accepted
mca_geoname_2026_snapshot,520000,贵州省,520100,贵阳市,prefecture,pending_verify,cost_info.guizhou.520100.pending,贵阳市信息价来源待核验,待核验,city,,,unknown,UNKNOWN,,,unspecified,monthly,,,全国来源矩阵占位：目标区划已纳入台账，官方信息价入口待核验，不进入自动抓取队列,accepted
mca_geoname_2026_snapshot,520000,贵州省,520200,六盘水市,prefecture,pending_verify,cost_info.guizhou.520200.pending,六盘水市信息价来源待核验,待核验,city,,,unknown,UNKNOWN,,,unspecified,monthly,,,全国来源矩阵占位：目标区划已纳入台账，官方信息价入口待核验，不进入自动抓取队列,accepted
mca_geoname_2026_snapshot,520000,贵州省,520300,遵义市,prefecture,pending_verify,cost_info.guizhou.520300.pending,遵义市信息价来源待核验,待核验,city,,,unknown,UNKNOWN,,,unspecified,monthly,,,全国来源矩阵占位：目标区划已纳入台账，官方信息价入口待核验，不进入自动抓取队列,accepted
mca_geoname_2026_snapshot,520000,贵州省,520400,安顺市,prefecture,pending_verify,cost_info.guizhou.520400.pending,安顺市信息价来源待核验,待核验,city,,,unknown,UNKNOWN,,,unspecified,monthly,,,全国来源矩阵占位：目标区划已纳入台账，官方信息价入口待核验，不进入自动抓取队列,accepted
mca_geoname_2026_snapshot,520000,贵州省,520500,毕节市,prefecture,pending_verify,cost_info.guizhou.520500.pending,毕节市信息价来源待核验,待核验,city,,,unknown,UNKNOWN,,,unspecified,monthly,,,全国来源矩阵占位：目标区划已纳入台账，官方信息价入口待核验，不进入自动抓取队列,accepted
mca_geoname_2026_snapshot,520000,贵州省,520600,铜仁市,prefecture,pending_verify,cost_info.guizhou.520600.pending,铜仁市信息价来源待核验,待核验,city,,,unknown,UNKNOWN,,,unspecified,monthly,,,全国来源矩阵占位：目标区划已纳入台账，官方信息价入口待核验，不进入自动抓取队列,accepted
mca_geoname_2026_snapshot,520000,贵州省,522300,黔西南布依族苗族自治州,prefecture,pending_verify,cost_info.guizhou.522300.pending,黔西南布依族苗族自治州信息价来源待核验,待核验,city,,,unknown,UNKNOWN,,,unspecified,monthly,,,全国来源矩阵占位：目标区划已纳入台账，官方信息价入口待核验，不进入自动抓取队列,accepted
mca_geoname_2026_snapshot,520000,贵州省,522600,黔东南苗族侗族自治州,prefecture,pending_verify,cost_info.guizhou.522600.pending,黔东南苗族侗族自治州信息价来源待核验,待核验,city,,,unknown,UNKNOWN,,,unspecified,monthly,,,全国来源矩阵占位：目标区划已纳入台账，官方信息价入口待核验，不进入自动抓取队列,accepted
mca_geoname_2026_snapshot,520000,贵州省,522700,黔南布依族苗族自治州,prefecture,pending_verify,cost_info.guizhou.522700.pending,黔南布依族苗族自治州信息价来源待核验,待核验,city,,,unknown,UNKNOWN,,,unspecified,monthly,,,全国来源矩阵占位：目标区划已纳入台账，官方信息价入口待核验，不进入自动抓取队列,accepted
mca_geoname_2026_snapshot,530000,云南省,530100,昆明市,prefecture,pending_verify,cost_info.yunnan.530100.pending,昆明市信息价来源待核验,待核验,city,,,unknown,UNKNOWN,,,unspecified,monthly,,,全国来源矩阵占位：目标区划已纳入台账，官方信息价入口待核验，不进入自动抓取队列,accepted
mca_geoname_2026_snapshot,530000,云南省,530300,曲靖市,prefecture,pending_verify,cost_info.yunnan.530300.pending,曲靖市信息价来源待核验,待核验,city,,,unknown,UNKNOWN,,,unspecified,monthly,,,全国来源矩阵占位：目标区划已纳入台账，官方信息价入口待核验，不进入自动抓取队列,accepted
mca_geoname_2026_snapshot,530000,云南省,530400,玉溪市,prefecture,pending_verify,cost_info.yunnan.530400.pending,玉溪市信息价来源待核验,待核验,city,,,unknown,UNKNOWN,,,unspecified,monthly,,,全国来源矩阵占位：目标区划已纳入台账，官方信息价入口待核验，不进入自动抓取队列,accepted
mca_geoname_2026_snapshot,530000,云南省,530500,保山市,prefecture,pending_verify,cost_info.yunnan.530500.pending,保山市信息价来源待核验,待核验,city,,,unknown,UNKNOWN,,,unspecified,monthly,,,全国来源矩阵占位：目标区划已纳入台账，官方信息价入口待核验，不进入自动抓取队列,accepted
mca_geoname_2026_snapshot,530000,云南省,530600,昭通市,prefecture,pending_verify,cost_info.yunnan.530600.pending,昭通市信息价来源待核验,待核验,city,,,unknown,UNKNOWN,,,unspecified,monthly,,,全国来源矩阵占位：目标区划已纳入台账，官方信息价入口待核验，不进入自动抓取队列,accepted
mca_geoname_2026_snapshot,530000,云南省,530700,丽江市,prefecture,pending_verify,cost_info.yunnan.530700.pending,丽江市信息价来源待核验,待核验,city,,,unknown,UNKNOWN,,,unspecified,monthly,,,全国来源矩阵占位：目标区划已纳入台账，官方信息价入口待核验，不进入自动抓取队列,accepted
mca_geoname_2026_snapshot,530000,云南省,530800,普洱市,prefecture,pending_verify,cost_info.yunnan.530800.pending,普洱市信息价来源待核验,待核验,city,,,unknown,UNKNOWN,,,unspecified,monthly,,,全国来源矩阵占位：目标区划已纳入台账，官方信息价入口待核验，不进入自动抓取队列,accepted
mca_geoname_2026_snapshot,530000,云南省,530900,临沧市,prefecture,pending_verify,cost_info.yunnan.530900.pending,临沧市信息价来源待核验,待核验,city,,,unknown,UNKNOWN,,,unspecified,monthly,,,全国来源矩阵占位：目标区划已纳入台账，官方信息价入口待核验，不进入自动抓取队列,accepted
mca_geoname_2026_snapshot,530000,云南省,532300,楚雄彝族自治州,prefecture,pending_verify,cost_info.yunnan.532300.pending,楚雄彝族自治州信息价来源待核验,待核验,city,,,unknown,UNKNOWN,,,unspecified,monthly,,,全国来源矩阵占位：目标区划已纳入台账，官方信息价入口待核验，不进入自动抓取队列,accepted
mca_geoname_2026_snapshot,530000,云南省,532500,红河哈尼族彝族自治州,prefecture,pending_verify,cost_info.yunnan.532500.pending,红河哈尼族彝族自治州信息价来源待核验,待核验,city,,,unknown,UNKNOWN,,,unspecified,monthly,,,全国来源矩阵占位：目标区划已纳入台账，官方信息价入口待核验，不进入自动抓取队列,accepted
mca_geoname_2026_snapshot,530000,云南省,532600,文山壮族苗族自治州,prefecture,pending_verify,cost_info.yunnan.532600.pending,文山壮族苗族自治州信息价来源待核验,待核验,city,,,unknown,UNKNOWN,,,unspecified,monthly,,,全国来源矩阵占位：目标区划已纳入台账，官方信息价入口待核验，不进入自动抓取队列,accepted
mca_geoname_2026_snapshot,530000,云南省,532800,西双版纳傣族自治州,prefecture,pending_verify,cost_info.yunnan.532800.pending,西双版纳傣族自治州信息价来源待核验,待核验,city,,,unknown,UNKNOWN,,,unspecified,monthly,,,全国来源矩阵占位：目标区划已纳入台账，官方信息价入口待核验，不进入自动抓取队列,accepted
mca_geoname_2026_snapshot,530000,云南省,532900,大理白族自治州,prefecture,pending_verify,cost_info.yunnan.532900.pending,大理白族自治州信息价来源待核验,待核验,city,,,unknown,UNKNOWN,,,unspecified,monthly,,,全国来源矩阵占位：目标区划已纳入台账，官方信息价入口待核验，不进入自动抓取队列,accepted
mca_geoname_2026_snapshot,530000,云南省,533100,德宏傣族景颇族自治州,prefecture,pending_verify,cost_info.yunnan.533100.pending,德宏傣族景颇族自治州信息价来源待核验,待核验,city,,,unknown,UNKNOWN,,,unspecified,monthly,,,全国来源矩阵占位：目标区划已纳入台账，官方信息价入口待核验，不进入自动抓取队列,accepted
mca_geoname_2026_snapshot,530000,云南省,533300,怒江傈僳族自治州,prefecture,pending_verify,cost_info.yunnan.533300.pending,怒江傈僳族自治州信息价来源待核验,待核验,city,,,unknown,UNKNOWN,,,unspecified,monthly,,,全国来源矩阵占位：目标区划已纳入台账，官方信息价入口待核验，不进入自动抓取队列,accepted
mca_geoname_2026_snapshot,530000,云南省,533400,迪庆藏族自治州,prefecture,pending_verify,cost_info.yunnan.533400.pending,迪庆藏族自治州信息价来源待核验,待核验,city,,,unknown,UNKNOWN,,,unspecified,monthly,,,全国来源矩阵占位：目标区划已纳入台账，官方信息价入口待核验，不进入自动抓取队列,accepted
mca_geoname_2026_snapshot,540000,西藏自治区,540100,拉萨市,prefecture,pending_verify,cost_info.xizang.540100.pending,拉萨市信息价来源待核验,待核验,city,,,unknown,UNKNOWN,,,unspecified,monthly,,,全国来源矩阵占位：目标区划已纳入台账，官方信息价入口待核验，不进入自动抓取队列,accepted
mca_geoname_2026_snapshot,540000,西藏自治区,540200,日喀则市,prefecture,pending_verify,cost_info.xizang.540200.pending,日喀则市信息价来源待核验,待核验,city,,,unknown,UNKNOWN,,,unspecified,monthly,,,全国来源矩阵占位：目标区划已纳入台账，官方信息价入口待核验，不进入自动抓取队列,accepted
mca_geoname_2026_snapshot,540000,西藏自治区,540300,昌都市,prefecture,pending_verify,cost_info.xizang.540300.pending,昌都市信息价来源待核验,待核验,city,,,unknown,UNKNOWN,,,unspecified,monthly,,,全国来源矩阵占位：目标区划已纳入台账，官方信息价入口待核验，不进入自动抓取队列,accepted
mca_geoname_2026_snapshot,540000,西藏自治区,540400,林芝市,prefecture,pending_verify,cost_info.xizang.540400.pending,林芝市信息价来源待核验,待核验,city,,,unknown,UNKNOWN,,,unspecified,monthly,,,全国来源矩阵占位：目标区划已纳入台账，官方信息价入口待核验，不进入自动抓取队列,accepted
mca_geoname_2026_snapshot,540000,西藏自治区,540500,山南市,prefecture,pending_verify,cost_info.xizang.540500.pending,山南市信息价来源待核验,待核验,city,,,unknown,UNKNOWN,,,unspecified,monthly,,,全国来源矩阵占位：目标区划已纳入台账，官方信息价入口待核验，不进入自动抓取队列,accepted
mca_geoname_2026_snapshot,540000,西藏自治区,540600,那曲市,prefecture,pending_verify,cost_info.xizang.540600.pending,那曲市信息价来源待核验,待核验,city,,,unknown,UNKNOWN,,,unspecified,monthly,,,全国来源矩阵占位：目标区划已纳入台账，官方信息价入口待核验，不进入自动抓取队列,accepted
mca_geoname_2026_snapshot,540000,西藏自治区,542500,阿里地区,prefecture,pending_verify,cost_info.xizang.542500.pending,阿里地区信息价来源待核验,待核验,city,,,unknown,UNKNOWN,,,unspecified,monthly,,,全国来源矩阵占位：目标区划已纳入台账，官方信息价入口待核验，不进入自动抓取队列,accepted
mca_geoname_2026_snapshot,610000,陕西省,610100,西安市,prefecture,pending_verify,cost_info.shaanxi.610100.pending,西安市信息价来源待核验,待核验,city,,,unknown,UNKNOWN,,,unspecified,monthly,,,全国来源矩阵占位：目标区划已纳入台账，官方信息价入口待核验，不进入自动抓取队列,accepted
mca_geoname_2026_snapshot,610000,陕西省,610200,铜川市,prefecture,pending_verify,cost_info.shaanxi.610200.pending,铜川市信息价来源待核验,待核验,city,,,unknown,UNKNOWN,,,unspecified,monthly,,,全国来源矩阵占位：目标区划已纳入台账，官方信息价入口待核验，不进入自动抓取队列,accepted
mca_geoname_2026_snapshot,610000,陕西省,610300,宝鸡市,prefecture,pending_verify,cost_info.shaanxi.610300.pending,宝鸡市信息价来源待核验,待核验,city,,,unknown,UNKNOWN,,,unspecified,monthly,,,全国来源矩阵占位：目标区划已纳入台账，官方信息价入口待核验，不进入自动抓取队列,accepted
mca_geoname_2026_snapshot,610000,陕西省,610400,咸阳市,prefecture,pending_verify,cost_info.shaanxi.610400.pending,咸阳市信息价来源待核验,待核验,city,,,unknown,UNKNOWN,,,unspecified,monthly,,,全国来源矩阵占位：目标区划已纳入台账，官方信息价入口待核验，不进入自动抓取队列,accepted
mca_geoname_2026_snapshot,610000,陕西省,610500,渭南市,prefecture,pending_verify,cost_info.shaanxi.610500.pending,渭南市信息价来源待核验,待核验,city,,,unknown,UNKNOWN,,,unspecified,monthly,,,全国来源矩阵占位：目标区划已纳入台账，官方信息价入口待核验，不进入自动抓取队列,accepted
mca_geoname_2026_snapshot,610000,陕西省,610600,延安市,prefecture,pending_verify,cost_info.shaanxi.610600.pending,延安市信息价来源待核验,待核验,city,,,unknown,UNKNOWN,,,unspecified,monthly,,,全国来源矩阵占位：目标区划已纳入台账，官方信息价入口待核验，不进入自动抓取队列,accepted
mca_geoname_2026_snapshot,610000,陕西省,610700,汉中市,prefecture,pending_verify,cost_info.shaanxi.610700.pending,汉中市信息价来源待核验,待核验,city,,,unknown,UNKNOWN,,,unspecified,monthly,,,全国来源矩阵占位：目标区划已纳入台账，官方信息价入口待核验，不进入自动抓取队列,accepted
mca_geoname_2026_snapshot,610000,陕西省,610800,榆林市,prefecture,pending_verify,cost_info.shaanxi.610800.pending,榆林市信息价来源待核验,待核验,city,,,unknown,UNKNOWN,,,unspecified,monthly,,,全国来源矩阵占位：目标区划已纳入台账，官方信息价入口待核验，不进入自动抓取队列,accepted
mca_geoname_2026_snapshot,610000,陕西省,610900,安康市,prefecture,pending_verify,cost_info.shaanxi.610900.pending,安康市信息价来源待核验,待核验,city,,,unknown,UNKNOWN,,,unspecified,monthly,,,全国来源矩阵占位：目标区划已纳入台账，官方信息价入口待核验，不进入自动抓取队列,accepted
mca_geoname_2026_snapshot,610000,陕西省,611000,商洛市,prefecture,pending_verify,cost_info.shaanxi.611000.pending,商洛市信息价来源待核验,待核验,city,,,unknown,UNKNOWN,,,unspecified,monthly,,,全国来源矩阵占位：目标区划已纳入台账，官方信息价入口待核验，不进入自动抓取队列,accepted
mca_geoname_2026_snapshot,620000,甘肃省,620100,兰州市,prefecture,pending_verify,cost_info.gansu.620100.pending,兰州市信息价来源待核验,待核验,city,,,unknown,UNKNOWN,,,unspecified,monthly,,,全国来源矩阵占位：目标区划已纳入台账，官方信息价入口待核验，不进入自动抓取队列,accepted
mca_geoname_2026_snapshot,620000,甘肃省,620200,嘉峪关市,prefecture,pending_verify,cost_info.gansu.620200.pending,嘉峪关市信息价来源待核验,待核验,city,,,unknown,UNKNOWN,,,unspecified,monthly,,,全国来源矩阵占位：目标区划已纳入台账，官方信息价入口待核验，不进入自动抓取队列,accepted
mca_geoname_2026_snapshot,620000,甘肃省,620300,金昌市,prefecture,pending_verify,cost_info.gansu.620300.pending,金昌市信息价来源待核验,待核验,city,,,unknown,UNKNOWN,,,unspecified,monthly,,,全国来源矩阵占位：目标区划已纳入台账，官方信息价入口待核验，不进入自动抓取队列,accepted
mca_geoname_2026_snapshot,620000,甘肃省,620400,白银市,prefecture,pending_verify,cost_info.gansu.620400.pending,白银市信息价来源待核验,待核验,city,,,unknown,UNKNOWN,,,unspecified,monthly,,,全国来源矩阵占位：目标区划已纳入台账，官方信息价入口待核验，不进入自动抓取队列,accepted
mca_geoname_2026_snapshot,620000,甘肃省,620500,天水市,prefecture,pending_verify,cost_info.gansu.620500.pending,天水市信息价来源待核验,待核验,city,,,unknown,UNKNOWN,,,unspecified,monthly,,,全国来源矩阵占位：目标区划已纳入台账，官方信息价入口待核验，不进入自动抓取队列,accepted
mca_geoname_2026_snapshot,620000,甘肃省,620600,武威市,prefecture,pending_verify,cost_info.gansu.620600.pending,武威市信息价来源待核验,待核验,city,,,unknown,UNKNOWN,,,unspecified,monthly,,,全国来源矩阵占位：目标区划已纳入台账，官方信息价入口待核验，不进入自动抓取队列,accepted
mca_geoname_2026_snapshot,620000,甘肃省,620700,张掖市,prefecture,pending_verify,cost_info.gansu.620700.pending,张掖市信息价来源待核验,待核验,city,,,unknown,UNKNOWN,,,unspecified,monthly,,,全国来源矩阵占位：目标区划已纳入台账，官方信息价入口待核验，不进入自动抓取队列,accepted
mca_geoname_2026_snapshot,620000,甘肃省,620800,平凉市,prefecture,pending_verify,cost_info.gansu.620800.pending,平凉市信息价来源待核验,待核验,city,,,unknown,UNKNOWN,,,unspecified,monthly,,,全国来源矩阵占位：目标区划已纳入台账，官方信息价入口待核验，不进入自动抓取队列,accepted
mca_geoname_2026_snapshot,620000,甘肃省,620900,酒泉市,prefecture,pending_verify,cost_info.gansu.620900.pending,酒泉市信息价来源待核验,待核验,city,,,unknown,UNKNOWN,,,unspecified,monthly,,,全国来源矩阵占位：目标区划已纳入台账，官方信息价入口待核验，不进入自动抓取队列,accepted
mca_geoname_2026_snapshot,620000,甘肃省,621000,庆阳市,prefecture,pending_verify,cost_info.gansu.621000.pending,庆阳市信息价来源待核验,待核验,city,,,unknown,UNKNOWN,,,unspecified,monthly,,,全国来源矩阵占位：目标区划已纳入台账，官方信息价入口待核验，不进入自动抓取队列,accepted
mca_geoname_2026_snapshot,620000,甘肃省,621100,定西市,prefecture,pending_verify,cost_info.gansu.621100.pending,定西市信息价来源待核验,待核验,city,,,unknown,UNKNOWN,,,unspecified,monthly,,,全国来源矩阵占位：目标区划已纳入台账，官方信息价入口待核验，不进入自动抓取队列,accepted
mca_geoname_2026_snapshot,620000,甘肃省,621200,陇南市,prefecture,pending_verify,cost_info.gansu.621200.pending,陇南市信息价来源待核验,待核验,city,,,unknown,UNKNOWN,,,unspecified,monthly,,,全国来源矩阵占位：目标区划已纳入台账，官方信息价入口待核验，不进入自动抓取队列,accepted
mca_geoname_2026_snapshot,620000,甘肃省,622900,临夏回族自治州,prefecture,pending_verify,cost_info.gansu.622900.pending,临夏回族自治州信息价来源待核验,待核验,city,,,unknown,UNKNOWN,,,unspecified,monthly,,,全国来源矩阵占位：目标区划已纳入台账，官方信息价入口待核验，不进入自动抓取队列,accepted
mca_geoname_2026_snapshot,620000,甘肃省,623000,甘南藏族自治州,prefecture,pending_verify,cost_info.gansu.623000.pending,甘南藏族自治州信息价来源待核验,待核验,city,,,unknown,UNKNOWN,,,unspecified,monthly,,,全国来源矩阵占位：目标区划已纳入台账，官方信息价入口待核验，不进入自动抓取队列,accepted
mca_geoname_2026_snapshot,630000,青海省,630100,西宁市,prefecture,pending_verify,cost_info.qinghai.630100.pending,西宁市信息价来源待核验,待核验,city,,,unknown,UNKNOWN,,,unspecified,monthly,,,全国来源矩阵占位：目标区划已纳入台账，官方信息价入口待核验，不进入自动抓取队列,accepted
mca_geoname_2026_snapshot,630000,青海省,630200,海东市,prefecture,pending_verify,cost_info.qinghai.630200.pending,海东市信息价来源待核验,待核验,city,,,unknown,UNKNOWN,,,unspecified,monthly,,,全国来源矩阵占位：目标区划已纳入台账，官方信息价入口待核验，不进入自动抓取队列,accepted
mca_geoname_2026_snapshot,630000,青海省,632200,海北藏族自治州,prefecture,pending_verify,cost_info.qinghai.632200.pending,海北藏族自治州信息价来源待核验,待核验,city,,,unknown,UNKNOWN,,,unspecified,monthly,,,全国来源矩阵占位：目标区划已纳入台账，官方信息价入口待核验，不进入自动抓取队列,accepted
mca_geoname_2026_snapshot,630000,青海省,632300,黄南藏族自治州,prefecture,pending_verify,cost_info.qinghai.632300.pending,黄南藏族自治州信息价来源待核验,待核验,city,,,unknown,UNKNOWN,,,unspecified,monthly,,,全国来源矩阵占位：目标区划已纳入台账，官方信息价入口待核验，不进入自动抓取队列,accepted
mca_geoname_2026_snapshot,630000,青海省,632500,海南藏族自治州,prefecture,pending_verify,cost_info.qinghai.632500.pending,海南藏族自治州信息价来源待核验,待核验,city,,,unknown,UNKNOWN,,,unspecified,monthly,,,全国来源矩阵占位：目标区划已纳入台账，官方信息价入口待核验，不进入自动抓取队列,accepted
mca_geoname_2026_snapshot,630000,青海省,632600,果洛藏族自治州,prefecture,pending_verify,cost_info.qinghai.632600.pending,果洛藏族自治州信息价来源待核验,待核验,city,,,unknown,UNKNOWN,,,unspecified,monthly,,,全国来源矩阵占位：目标区划已纳入台账，官方信息价入口待核验，不进入自动抓取队列,accepted
mca_geoname_2026_snapshot,630000,青海省,632700,玉树藏族自治州,prefecture,pending_verify,cost_info.qinghai.632700.pending,玉树藏族自治州信息价来源待核验,待核验,city,,,unknown,UNKNOWN,,,unspecified,monthly,,,全国来源矩阵占位：目标区划已纳入台账，官方信息价入口待核验，不进入自动抓取队列,accepted
mca_geoname_2026_snapshot,630000,青海省,632800,海西蒙古族藏族自治州,prefecture,pending_verify,cost_info.qinghai.632800.pending,海西蒙古族藏族自治州信息价来源待核验,待核验,city,,,unknown,UNKNOWN,,,unspecified,monthly,,,全国来源矩阵占位：目标区划已纳入台账，官方信息价入口待核验，不进入自动抓取队列,accepted
mca_geoname_2026_snapshot,640000,宁夏回族自治区,640100,银川市,prefecture,pending_verify,cost_info.ningxia.640100.pending,银川市信息价来源待核验,待核验,city,,,unknown,UNKNOWN,,,unspecified,monthly,,,全国来源矩阵占位：目标区划已纳入台账，官方信息价入口待核验，不进入自动抓取队列,accepted
mca_geoname_2026_snapshot,640000,宁夏回族自治区,640200,石嘴山市,prefecture,pending_verify,cost_info.ningxia.640200.pending,石嘴山市信息价来源待核验,待核验,city,,,unknown,UNKNOWN,,,unspecified,monthly,,,全国来源矩阵占位：目标区划已纳入台账，官方信息价入口待核验，不进入自动抓取队列,accepted
mca_geoname_2026_snapshot,640000,宁夏回族自治区,640300,吴忠市,prefecture,pending_verify,cost_info.ningxia.640300.pending,吴忠市信息价来源待核验,待核验,city,,,unknown,UNKNOWN,,,unspecified,monthly,,,全国来源矩阵占位：目标区划已纳入台账，官方信息价入口待核验，不进入自动抓取队列,accepted
mca_geoname_2026_snapshot,640000,宁夏回族自治区,640400,固原市,prefecture,pending_verify,cost_info.ningxia.640400.pending,固原市信息价来源待核验,待核验,city,,,unknown,UNKNOWN,,,unspecified,monthly,,,全国来源矩阵占位：目标区划已纳入台账，官方信息价入口待核验，不进入自动抓取队列,accepted
mca_geoname_2026_snapshot,640000,宁夏回族自治区,640500,中卫市,prefecture,pending_verify,cost_info.ningxia.640500.pending,中卫市信息价来源待核验,待核验,city,,,unknown,UNKNOWN,,,unspecified,monthly,,,全国来源矩阵占位：目标区划已纳入台账，官方信息价入口待核验，不进入自动抓取队列,accepted
mca_geoname_2026_snapshot,650000,新疆维吾尔自治区,650100,乌鲁木齐市,prefecture,pending_verify,cost_info.xinjiang.650100.pending,乌鲁木齐市信息价来源待核验,待核验,city,,,unknown,UNKNOWN,,,unspecified,monthly,,,全国来源矩阵占位：目标区划已纳入台账，官方信息价入口待核验，不进入自动抓取队列,accepted
mca_geoname_2026_snapshot,650000,新疆维吾尔自治区,650200,克拉玛依市,prefecture,pending_verify,cost_info.xinjiang.650200.pending,克拉玛依市信息价来源待核验,待核验,city,,,unknown,UNKNOWN,,,unspecified,monthly,,,全国来源矩阵占位：目标区划已纳入台账，官方信息价入口待核验，不进入自动抓取队列,accepted
mca_geoname_2026_snapshot,650000,新疆维吾尔自治区,650400,吐鲁番市,prefecture,pending_verify,cost_info.xinjiang.650400.pending,吐鲁番市信息价来源待核验,待核验,city,,,unknown,UNKNOWN,,,unspecified,monthly,,,全国来源矩阵占位：目标区划已纳入台账，官方信息价入口待核验，不进入自动抓取队列,accepted
mca_geoname_2026_snapshot,650000,新疆维吾尔自治区,650500,哈密市,prefecture,pending_verify,cost_info.xinjiang.650500.pending,哈密市信息价来源待核验,待核验,city,,,unknown,UNKNOWN,,,unspecified,monthly,,,全国来源矩阵占位：目标区划已纳入台账，官方信息价入口待核验，不进入自动抓取队列,accepted
mca_geoname_2026_snapshot,650000,新疆维吾尔自治区,652300,昌吉回族自治州,prefecture,pending_verify,cost_info.xinjiang.652300.pending,昌吉回族自治州信息价来源待核验,待核验,city,,,unknown,UNKNOWN,,,unspecified,monthly,,,全国来源矩阵占位：目标区划已纳入台账，官方信息价入口待核验，不进入自动抓取队列,accepted
mca_geoname_2026_snapshot,650000,新疆维吾尔自治区,652700,博尔塔拉蒙古自治州,prefecture,pending_verify,cost_info.xinjiang.652700.pending,博尔塔拉蒙古自治州信息价来源待核验,待核验,city,,,unknown,UNKNOWN,,,unspecified,monthly,,,全国来源矩阵占位：目标区划已纳入台账，官方信息价入口待核验，不进入自动抓取队列,accepted
mca_geoname_2026_snapshot,650000,新疆维吾尔自治区,652800,巴音郭楞蒙古自治州,prefecture,pending_verify,cost_info.xinjiang.652800.pending,巴音郭楞蒙古自治州信息价来源待核验,待核验,city,,,unknown,UNKNOWN,,,unspecified,monthly,,,全国来源矩阵占位：目标区划已纳入台账，官方信息价入口待核验，不进入自动抓取队列,accepted
mca_geoname_2026_snapshot,650000,新疆维吾尔自治区,652900,阿克苏地区,prefecture,pending_verify,cost_info.xinjiang.652900.pending,阿克苏地区信息价来源待核验,待核验,city,,,unknown,UNKNOWN,,,unspecified,monthly,,,全国来源矩阵占位：目标区划已纳入台账，官方信息价入口待核验，不进入自动抓取队列,accepted
mca_geoname_2026_snapshot,650000,新疆维吾尔自治区,653000,克孜勒苏柯尔克孜自治州,prefecture,pending_verify,cost_info.xinjiang.653000.pending,克孜勒苏柯尔克孜自治州信息价来源待核验,待核验,city,,,unknown,UNKNOWN,,,unspecified,monthly,,,全国来源矩阵占位：目标区划已纳入台账，官方信息价入口待核验，不进入自动抓取队列,accepted
mca_geoname_2026_snapshot,650000,新疆维吾尔自治区,653100,喀什地区,prefecture,pending_verify,cost_info.xinjiang.653100.pending,喀什地区信息价来源待核验,待核验,city,,,unknown,UNKNOWN,,,unspecified,monthly,,,全国来源矩阵占位：目标区划已纳入台账，官方信息价入口待核验，不进入自动抓取队列,accepted
mca_geoname_2026_snapshot,650000,新疆维吾尔自治区,653200,和田地区,prefecture,pending_verify,cost_info.xinjiang.653200.pending,和田地区信息价来源待核验,待核验,city,,,unknown,UNKNOWN,,,unspecified,monthly,,,全国来源矩阵占位：目标区划已纳入台账，官方信息价入口待核验，不进入自动抓取队列,accepted
mca_geoname_2026_snapshot,650000,新疆维吾尔自治区,654000,伊犁哈萨克自治州,prefecture,pending_verify,cost_info.xinjiang.654000.pending,伊犁哈萨克自治州信息价来源待核验,待核验,city,,,unknown,UNKNOWN,,,unspecified,monthly,,,全国来源矩阵占位：目标区划已纳入台账，官方信息价入口待核验，不进入自动抓取队列,accepted
mca_geoname_2026_snapshot,650000,新疆维吾尔自治区,654200,塔城地区,prefecture,pending_verify,cost_info.xinjiang.654200.pending,塔城地区信息价来源待核验,待核验,city,,,unknown,UNKNOWN,,,unspecified,monthly,,,全国来源矩阵占位：目标区划已纳入台账，官方信息价入口待核验，不进入自动抓取队列,accepted
mca_geoname_2026_snapshot,650000,新疆维吾尔自治区,654300,阿勒泰地区,prefecture,pending_verify,cost_info.xinjiang.654300.pending,阿勒泰地区信息价来源待核验,待核验,city,,,unknown,UNKNOWN,,,unspecified,monthly,,,全国来源矩阵占位：目标区划已纳入台账，官方信息价入口待核验，不进入自动抓取队列,accepted
